order_id,first_name,last_name,product_id,category,quantity,amount,payment_method,city,email
1,Anita,Singh,P070,Grocery,1,3467.94,Debit Card,Kolkata,anita.singh1@example.com
2,Nikhil,Patel,P174,Grocery,5,21040.0,Cash on Delivery,Ahmedabad,nikhil.patel2@example.com
3,Rahul,Singh,P180,Electronics,6,26941.68,Credit Card,Delhi,rahul.singh3@example.com
4,Rohan,Sharma,P109,Home,1,1810.03,Wallet,Mumbai,rohan.sharma4.d2@example.com
5,Divya,Reddy,P067,Apparel,2,140.52,UPI,Mumbai,divya.reddy5.d3@example.com
6,Arjun,Khan,P117,Grocery,1,1721.8,Net Banking,Chennai,arjun.khan6.d3@example.com
7,Priya,Khan,P160,Books,3,8398.32,Wallet,Bengaluru,priya.khan7@example.com
8,Rohan,Sharma,P029,Toys,3,11730.48,Debit Card,Bengaluru,rohan.sharma8@example.com
9,Karan,Singh,P080,Electronics,5,8666.35,Net Banking,Delhi,karan.singh9@example.com
10,Amit,Singh,P070,Grocery,6,20807.64,Credit Card,Hyderabad,amit.singh10@example.com
11,Karan,Khan,P005,Electronics,9,40977.36,Cash on Delivery,Delhi,karan.khan11@example.com
12,Pooja,Verma,P115,Apparel,2,897.32,Net Banking,Kolkata,pooja.verma12@example.com
13,Karan,Iyer,P130,Electronics,8,29102.0,UPI,Bengaluru,karan.iyer13.d3@example.com
14,Nikhil,Rao,P181,Grocery,3,14101.65,Credit Card,Delhi,nikhil.rao14@example.com
15,Rohan,Gupta,P004,Electronics,2,3720.32,Debit Card,Hyderabad,rohan.gupta15@example.com
16,Meera,Das,P022,Books,7,25024.65,Debit Card,Chennai,meera.das16@example.com
17,Anita,Patel,P012,Books,8,37929.28,UPI,Ahmedabad,anita.patel17@example.com
18,Kavya,Rao,P001,Apparel,5,23709.65,Cash on Delivery,Pune,kavya.rao18@example.com
19,Meera,Iyer,P063,Grocery,1,460.77,UPI,Delhi,meera.iyer19@example.com
20,Nikhil,Reddy,P001,Apparel,6,28451.58,Net Banking,Chennai,nikhil.reddy20@example.com
21,Divya,Khan,P129,Home,4,14918.4,Credit Card,Mumbai,divya.khan21@example.com
22,Vikram,Gupta,P068,Home,2,5392.46,Cash on Delivery,Hyderabad,vikram.gupta22@example.com
23,Meera,Singh,P101,Apparel,1,2616.06,Wallet,Bengaluru,meera.singh23@example.com
24,Vikram,Verma,P022,Books,10,35749.5,Wallet,Kolkata,vikram.verma24@example.com
25,Lakshmi,Patel,P196,Apparel,6,15667.8,UPI,Delhi,lakshmi.patel25@example.com
26,Pooja,Joshi,P012,Books,9,42670.44,Credit Card,Ahmedabad,pooja.joshi26@example.com
27,Amit,Verma,P135,Books,9,44122.59,Cash on Delivery,Bengaluru,amit.verma27@example.com
28,Priya,Patel,P022,Books,1,3574.95,Wallet,Pune,priya.patel28@example.com
29,Suresh,Khan,P027,Home,7,12878.81,Credit Card,Hyderabad,suresh.khan29@example.com
30,Divya,Nair,P161,Electronics,9,39797.82,UPI,Hyderabad,divya.nair30@example.com
31,Rahul,Verma,P117,Grocery,2,3443.6,Cash on Delivery,Mumbai,rahul.verma31@example.com
32,Rohan,Reddy,P191,Home,8,8151.52,UPI,Bengaluru,rohan.reddy32@example.com
33,Divya,Joshi,P187,Home,4,3423.36,Wallet,Ahmedabad,divya.joshi33@example.com
34,Rahul,Nair,P127,Apparel,5,2397.05,Wallet,Hyderabad,rahul.nair34@example.com
35,Karan,Reddy,P197,Apparel,1,2585.7,Cash on Delivery,Delhi,karan.reddy35@example.com
36,Meera,Das,P085,Grocery,5,15448.2,Cash on Delivery,Delhi,meera.das36@example.com
37,Priya,Nair,P004,Electronics,8,14881.28,UPI,Mumbai,priya.nair37@example.com
38,Lakshmi,Singh,P178,Home,4,1647.8,Cash on Delivery,Chennai,lakshmi.singh38.d3@example.com
39,Suresh,Reddy,P119,Books,3,12630.48,Cash on Delivery,Bengaluru,suresh.reddy39.d2@example.com
40,Lakshmi,Sharma,P080,Electronics,2,3466.54,UPI,Ahmedabad,lakshmi.sharma40@example.com
41,Suresh,Singh,P020,Books,6,17264.76,Net Banking,Kolkata,suresh.singh41@example.com
42,Rahul,Patel,P054,Apparel,2,1380.46,Wallet,Chennai,rahul.patel42@example.com
43,Rohan,Reddy,P093,Toys,3,4081.65,Wallet,Pune,rohan.reddy43@example.com
44,Lakshmi,Gupta,P060,Apparel,8,28373.28,Credit Card,Delhi,lakshmi.gupta44@example.com
45,Suresh,Gupta,P001,Apparel,8,37935.44,UPI,Delhi,suresh.gupta45@example.com
46,Nikhil,Rao,P107,Home,6,22274.22,Credit Card,Pune,nikhil.rao46@example.com
47,Arjun,Gupta,P001,Apparel,6,28451.58,Credit Card,Bengaluru,arjun.gupta47@example.com
48,Meera,Singh,P183,Grocery,1,1302.88,UPI,Bengaluru,meera.singh48.d3@example.com
49,Rahul,Rao,P101,Apparel,7,18312.42,Wallet,Chennai,rahul.rao49@example.com
50,Sneha,Sharma,P013,Books,5,14742.15,Wallet,Chennai,sneha.sharma50@example.com
51,Divya,Singh,P163,Apparel,3,776.64,Net Banking,Pune,divya.singh51.d3@example.com
52,Pooja,Sharma,P049,Apparel,6,21583.86,Wallet,Kolkata,pooja.sharma52@example.com
53,Karan,Joshi,P142,Grocery,7,28976.29,Credit Card,Pune,karan.joshi53@example.com
54,Suresh,Das,P188,Toys,7,29194.2,Debit Card,Chennai,suresh.das54@example.com
55,Vikram,Patel,P125,Home,1,4450.6,Net Banking,Kolkata,vikram.patel55@example.com
56,Meera,Singh,P088,Home,5,3290.35,UPI,Chennai,meera.singh56.d3@example.com
57,Meera,Nair,P104,Books,8,13454.72,Cash on Delivery,Pune,meera.nair57@example.com
58,Anita,Reddy,P031,Books,3,7502.49,Debit Card,Ahmedabad,anita.reddy58@example.com
59,Suresh,Rao,P141,Grocery,10,21973.6,Wallet,Kolkata,suresh.rao59@example.com
60,Karan,Iyer,P036,Apparel,9,7220.88,Credit Card,Delhi,karan.iyer60.d2@example.com
61,Rahul,Rao,P088,Home,9,5922.63,Debit Card,Pune,rahul.rao61@example.com
62,Karan,Sharma,P067,Apparel,10,702.6,Wallet,Kolkata,karan.sharma62@example.com
63,Karan,Gupta,P099,Apparel,7,34255.06,UPI,Pune,karan.gupta63@example.com
64,Lakshmi,Singh,P193,Apparel,1,146.44,Cash on Delivery,Pune,lakshmi.singh64@example.com
65,Karan,Reddy,P033,Apparel,9,27579.15,Cash on Delivery,Bengaluru,karan.reddy65@example.com
66,Suresh,Gupta,P099,Apparel,7,34255.06,UPI,Hyderabad,suresh.gupta66@example.com
67,Pooja,Joshi,P033,Apparel,1,3064.35,Net Banking,Ahmedabad,pooja.joshi67@example.com
68,Nikhil,Khan,P001,Apparel,2,9483.86,Net Banking,Ahmedabad,nikhil.khan68@example.com
69,Divya,Patel,P064,Grocery,3,3594.57,Debit Card,Mumbai,divya.patel69@example.com
70,Rahul,Khan,P185,Grocery,8,29968.64,Credit Card,Hyderabad,rahul.khan70@example.com
71,Priya,Verma,P033,Apparel,9,27579.15,UPI,Chennai,priya.verma71@example.com
72,Pooja,Joshi,P033,Apparel,5,15321.75,Credit Card,Mumbai,pooja.joshi72@example.com
73,Karan,Gupta,P019,Toys,5,4723.0,UPI,Chennai,karan.gupta73@example.com
74,Amit,Khan,P154,Electronics,1,4370.39,UPI,Ahmedabad,amit.khan74@example.com
75,Divya,Nair,P072,Toys,6,20383.14,Cash on Delivery,Bengaluru,divya.nair75@example.com
76,Amit,Gupta,P141,Grocery,4,8789.44,Wallet,Chennai,amit.gupta76@example.com
77,Karan,Nair,P015,Electronics,1,2805.49,Wallet,Kolkata,karan.nair77@example.com
78,Divya,Verma,P021,Grocery,5,9466.85,Net Banking,Pune,divya.verma78@example.com
79,Priya,Joshi,P059,Home,8,34613.76,UPI,Kolkata,priya.joshi79@example.com
80,Karan,Sharma,P093,Toys,7,9523.85,UPI,Mumbai,karan.sharma80@example.com
81,Karan,Singh,P053,Electronics,8,9041.04,Debit Card,Bengaluru,karan.singh81@example.com
82,Rohan,Singh,P120,Home,4,18202.16,Credit Card,Ahmedabad,rohan.singh82@example.com
83,Divya,Nair,P157,Home,3,9343.65,Net Banking,Hyderabad,divya.nair83@example.com
84,Nikhil,Sharma,P153,Grocery,3,7924.08,Debit Card,Hyderabad,nikhil.sharma84@example.com
85,Pooja,Sharma,P153,Grocery,3,7924.08,Wallet,Hyderabad,pooja.sharma85@example.com
86,Suresh,Joshi,P048,Toys,7,28829.71,UPI,Mumbai,suresh.joshi86@example.com
87,Arjun,Iyer,P021,Grocery,3,5680.11,Debit Card,Delhi,arjun.iyer87.d2@example.com
88,Nikhil,Rao,P009,Home,5,1713.0,UPI,Ahmedabad,nikhil.rao88@example.com
89,Amit,Reddy,P044,Apparel,2,4793.58,UPI,Mumbai,amit.reddy89@example.com
90,Sneha,Khan,P090,Home,7,16995.72,Credit Card,Kolkata,sneha.khan90@example.com
91,Pooja,Reddy,P092,Electronics,5,18804.45,Credit Card,Ahmedabad,pooja.reddy91@example.com
92,Suresh,Iyer,P051,Home,6,10857.3,UPI,Pune,suresh.iyer92@example.com
93,Amit,Verma,P189,Grocery,8,28370.4,Net Banking,Bengaluru,amit.verma93@example.com
94,Priya,Gupta,P161,Electronics,5,22109.9,Credit Card,Bengaluru,priya.gupta94@example.com
95,Rohan,Iyer,P017,Grocery,1,2726.4,Wallet,Mumbai,rohan.iyer95@example.com
96,Kavya,Singh,P156,Grocery,6,5418.72,UPI,Hyderabad,kavya.singh96@example.com
97,Rohan,Singh,P068,Home,6,16177.38,Credit Card,Mumbai,rohan.singh97@example.com
98,Sneha,Nair,P007,Home,4,8479.8,Wallet,Ahmedabad,sneha.nair98@example.com
99,Rohan,Gupta,P199,Grocery,7,34019.23,Net Banking,Delhi,rohan.gupta99@example.com
100,Amit,Joshi,P128,Toys,3,6028.2,UPI,Delhi,amit.joshi100@example.com
101,Arjun,Rao,P156,Grocery,4,3612.48,Net Banking,Pune,arjun.rao101@example.com
102,Karan,Gupta,P153,Grocery,2,5282.72,Net Banking,Bengaluru,karan.gupta102@example.com
103,Priya,Nair,P105,Grocery,1,3085.48,Cash on Delivery,Pune,priya.nair103@example.com
104,Sneha,Reddy,P042,Books,7,27962.34,Credit Card,Mumbai,sneha.reddy104@example.com
105,Pooja,Nair,P054,Apparel,2,1380.46,Wallet,Ahmedabad,pooja.nair105.d2@example.com
106,Vikram,Gupta,P045,Toys,4,1487.0,Net Banking,Bengaluru,vikram.gupta106@example.com
107,Sneha,Singh,P192,Apparel,9,4557.24,UPI,Chennai,sneha.singh107@example.com
108,Kavya,Singh,P146,Apparel,5,6669.3,Wallet,Chennai,kavya.singh108@example.com
109,Divya,Patel,P051,Home,8,14476.4,Debit Card,Bengaluru,divya.patel109@example.com
110,Karan,Rao,P040,Apparel,5,8668.05,Credit Card,Kolkata,karan.rao110@example.com
111,Divya,Verma,P065,Grocery,4,438.84,Credit Card,Ahmedabad,divya.verma111@example.com
112,Amit,Nair,P010,Books,2,1325.64,Debit Card,Ahmedabad,amit.nair112@example.com
113,Meera,Iyer,P096,Books,1,1840.67,Credit Card,Hyderabad,meera.iyer113@example.com
114,Karan,Reddy,P049,Apparel,10,35973.1,UPI,Delhi,karan.reddy114@example.com
115,Rohan,Verma,P115,Apparel,10,4486.6,Credit Card,Mumbai,rohan.verma115@example.com
116,Kavya,Iyer,P164,Electronics,10,25631.8,Credit Card,Pune,kavya.iyer116@example.com
117,Priya,Iyer,P088,Home,3,1974.21,UPI,Hyderabad,priya.iyer117@example.com
118,Amit,Rao,P154,Electronics,4,17481.56,Credit Card,Kolkata,amit.rao118@example.com
119,Meera,Reddy,P048,Toys,10,41185.3,Debit Card,Hyderabad,meera.reddy119@example.com
120,Lakshmi,Reddy,P127,Apparel,9,4314.69,Net Banking,Mumbai,lakshmi.reddy120@example.com
121,Vikram,Verma,P102,Grocery,9,16296.3,Cash on Delivery,Mumbai,vikram.verma121.d3@example.com
122,Nikhil,Joshi,P168,Books,3,7755.6,UPI,Kolkata,nikhil.joshi122@example.com
123,Pooja,Sharma,P073,Electronics,5,11551.95,UPI,Pune,pooja.sharma123@example.com
124,Amit,Rao,P107,Home,10,37123.7,Wallet,Bengaluru,amit.rao124@example.com
125,Karan,Sharma,P101,Apparel,7,18312.42,Net Banking,Delhi,karan.sharma125@example.com
126,Rahul,Gupta,P109,Home,2,3620.06,Debit Card,Pune,rahul.gupta126@example.com
127,Vikram,Sharma,P118,Home,3,9417.39,Credit Card,Delhi,vikram.sharma127@example.com
128,Rahul,Das,P165,Books,7,1315.58,Cash on Delivery,Pune,rahul.das128@example.com
129,Anita,Patel,P189,Grocery,9,31916.7,UPI,Chennai,anita.patel129@example.com
130,Anita,Reddy,P042,Books,9,35951.58,Cash on Delivery,Ahmedabad,anita.reddy130.d3@example.com
131,Meera,Patel,P126,Home,4,15824.88,Debit Card,Ahmedabad,meera.patel131.d2@example.com
132,Nikhil,Reddy,P081,Electronics,1,556.78,Wallet,Delhi,nikhil.reddy132@example.com
133,Nikhil,Das,P164,Electronics,4,10252.72,Debit Card,Ahmedabad,nikhil.das133@example.com
134,Karan,Sharma,P047,Toys,10,29108.3,Net Banking,Delhi,karan.sharma134@example.com
135,Sneha,Patel,P099,Apparel,6,29361.48,Debit Card,Bengaluru,sneha.patel135@example.com
136,Priya,Verma,P011,Grocery,9,28544.4,UPI,Mumbai,priya.verma136@example.com
137,Suresh,Khan,P100,Electronics,10,34961.7,Wallet,Chennai,suresh.khan137@example.com
138,Meera,Das,P167,Books,7,34076.91,Debit Card,Kolkata,meera.das138@example.com
139,Suresh,Khan,P100,Electronics,6,20977.02,Net Banking,Delhi,suresh.khan139@example.com
140,Lakshmi,Nair,P006,Grocery,1,235.6,Debit Card,Ahmedabad,lakshmi.nair140@example.com
141,Suresh,Patel,P196,Apparel,10,26113.0,Net Banking,Kolkata,suresh.patel141@example.com
142,Vikram,Rao,P028,Grocery,2,7964.36,Net Banking,Pune,vikram.rao142@example.com
143,Priya,Sharma,P024,Grocery,8,20058.0,Wallet,Delhi,priya.sharma143@example.com
144,Rahul,Sharma,P022,Books,6,21449.7,Cash on Delivery,Kolkata,rahul.sharma144@example.com
145,Amit,Reddy,P168,Books,3,7755.6,Cash on Delivery,Mumbai,amit.reddy145.d2@example.com
146,Lakshmi,Singh,P050,Toys,3,5303.04,Debit Card,Bengaluru,lakshmi.singh146@example.com
147,Rohan,Patel,P017,Grocery,6,16358.4,Credit Card,Chennai,rohan.patel147.d3@example.com
148,Rohan,Khan,P117,Grocery,3,5165.4,Net Banking,Bengaluru,rohan.khan148@example.com
149,Divya,Rao,P152,Books,5,3486.4,UPI,Hyderabad,divya.rao149@example.com
150,Nikhil,Patel,P051,Home,3,5428.65,Wallet,Pune,nikhil.patel150@example.com
151,Nikhil,Patel,P174,Grocery,6,25248.0,UPI,Mumbai,nikhil.patel151@example.com
152,Priya,Verma,P197,Apparel,9,23271.3,UPI,Ahmedabad,priya.verma152@example.com
153,Sneha,Singh,P143,Grocery,9,1697.13,Cash on Delivery,Kolkata,sneha.singh153@example.com
154,Rohan,Gupta,P189,Grocery,6,21277.8,UPI,Delhi,rohan.gupta154.d3@example.com
155,Rahul,Nair,P093,Toys,6,8163.3,Debit Card,Delhi,rahul.nair155@example.com
156,Meera,Khan,P158,Electronics,1,2804.55,UPI,Chennai,meera.khan156@example.com
157,Arjun,Joshi,P164,Electronics,10,25631.8,Credit Card,Hyderabad,arjun.joshi157@example.com
158,Meera,Das,P057,Home,3,6114.42,Wallet,Kolkata,meera.das158@example.com
159,Kavya,Sharma,P107,Home,9,33411.33,Debit Card,Ahmedabad,kavya.sharma159@example.com
160,Priya,Sharma,P059,Home,8,34613.76,UPI,Chennai,priya.sharma160@example.com
161,Meera,Reddy,P146,Apparel,4,5335.44,Cash on Delivery,Pune,meera.reddy161@example.com
162,Pooja,Das,P137,Grocery,4,11063.48,UPI,Delhi,pooja.das162@example.com
163,Lakshmi,Patel,P053,Electronics,6,6780.78,Debit Card,Hyderabad,lakshmi.patel163@example.com
164,Suresh,Reddy,P063,Grocery,3,1382.31,Credit Card,Delhi,suresh.reddy164@example.com
165,Nikhil,Singh,P171,Home,5,12816.85,Credit Card,Hyderabad,nikhil.singh165@example.com
166,Kavya,Das,P166,Electronics,9,20196.72,Wallet,Ahmedabad,kavya.das166@example.com
167,Lakshmi,Iyer,P155,Grocery,9,27561.15,Debit Card,Hyderabad,lakshmi.iyer167@example.com
168,Amit,Gupta,P012,Books,1,4741.16,Debit Card,Bengaluru,amit.gupta168@example.com
169,Sneha,Sharma,P041,Apparel,1,2992.13,Cash on Delivery,Bengaluru,sneha.sharma169@example.com
170,Karan,Khan,P037,Home,7,14961.87,Cash on Delivery,Kolkata,karan.khan170@example.com
171,Meera,Reddy,P157,Home,3,9343.65,UPI,Hyderabad,meera.reddy171@example.com
172,Amit,Gupta,P186,Electronics,8,16170.96,Net Banking,Ahmedabad,amit.gupta172@example.com
173,Anita,Iyer,P021,Grocery,8,15146.96,Credit Card,Ahmedabad,anita.iyer173.d2@example.com
174,Sneha,Rao,P060,Apparel,1,3546.66,Credit Card,Pune,sneha.rao174@example.com
175,Rohan,Verma,P183,Grocery,1,1302.88,Cash on Delivery,Kolkata,rohan.verma175@example.com
176,Rohan,Singh,P176,Home,9,20146.32,Wallet,Bengaluru,rohan.singh176@example.com
177,Amit,Patel,P022,Books,9,32174.55,UPI,Bengaluru,amit.patel177@example.com
178,Anita,Joshi,P191,Home,4,4075.76,UPI,Bengaluru,anita.joshi178@example.com
179,Divya,Gupta,P100,Electronics,6,20977.02,Wallet,Ahmedabad,divya.gupta179@example.com
180,Amit,Sharma,P121,Apparel,9,36074.16,Net Banking,Bengaluru,amit.sharma180@example.com
181,Karan,Gupta,P147,Home,5,20896.35,Cash on Delivery,Mumbai,karan.gupta181@example.com
182,Vikram,Sharma,P145,Grocery,3,11490.63,Credit Card,Mumbai,vikram.sharma182@example.com
183,Anita,Rao,P028,Grocery,10,39821.8,Debit Card,Hyderabad,anita.rao183@example.com
184,Vikram,Joshi,P008,Grocery,1,499.03,Wallet,Hyderabad,vikram.joshi184@example.com
185,Priya,Reddy,P179,Toys,2,3097.52,Cash on Delivery,Pune,priya.reddy185@example.com
186,Rahul,Joshi,P052,Books,9,5666.58,Net Banking,Mumbai,rahul.joshi186@example.com
187,Karan,Reddy,P064,Grocery,4,4792.76,Credit Card,Hyderabad,karan.reddy187@example.com
188,Meera,Nair,P193,Apparel,2,292.88,Credit Card,Delhi,meera.nair188@example.com
189,Meera,Rao,P026,Apparel,4,9418.92,UPI,Kolkata,meera.rao189@example.com
190,Kavya,Singh,P067,Apparel,1,70.26,Net Banking,Hyderabad,kavya.singh190.d3@example.com
191,Arjun,Das,P184,Grocery,6,29036.1,Cash on Delivery,Ahmedabad,arjun.das191@example.com
192,Amit,Gupta,P074,Toys,10,39994.7,Credit Card,Kolkata,amit.gupta192@example.com
193,Kavya,Nair,P133,Home,2,8084.36,Wallet,Hyderabad,kavya.nair193@example.com
194,Karan,Joshi,P138,Grocery,10,1559.1,Credit Card,Chennai,karan.joshi194@example.com
195,Amit,Khan,P044,Apparel,7,16777.53,Debit Card,Chennai,amit.khan195.d3@example.com
196,Amit,Rao,P196,Apparel,1,2611.3,Cash on Delivery,Mumbai,amit.rao196@example.com
197,Lakshmi,Das,P126,Home,3,11868.66,UPI,Kolkata,lakshmi.das197.d2@example.com
198,Meera,Iyer,P148,Electronics,3,13663.74,Wallet,Bengaluru,meera.iyer198@example.com
199,Sneha,Verma,P128,Toys,7,14065.8,Credit Card,Ahmedabad,sneha.verma199.d3@example.com
200,Sneha,Verma,P179,Toys,9,13938.84,UPI,Pune,sneha.verma200@example.com
201,Nikhil,Joshi,P025,Books,8,17332.64,Credit Card,Kolkata,nikhil.joshi201.d3@example.com
202,Kavya,Iyer,P166,Electronics,1,2244.08,UPI,Chennai,kavya.iyer202@example.com
203,Anita,Gupta,P110,Electronics,9,44536.86,UPI,Bengaluru,anita.gupta203@example.com
204,Priya,Rao,P118,Home,3,9417.39,Credit Card,Pune,priya.rao204.d2@example.com
205,Suresh,Verma,P134,Grocery,3,9231.87,Cash on Delivery,Pune,suresh.verma205@example.com
206,Suresh,Joshi,P044,Apparel,8,19174.32,UPI,Bengaluru,suresh.joshi206@example.com
207,Suresh,Verma,P033,Apparel,6,18386.1,Wallet,Bengaluru,suresh.verma207@example.com
208,Rohan,Singh,P130,Electronics,4,14551.0,Wallet,Delhi,rohan.singh208.d3@example.com
209,Divya,Joshi,P186,Electronics,3,6064.11,UPI,Pune,divya.joshi209@example.com
210,Arjun,Iyer,P042,Books,4,15978.48,UPI,Mumbai,arjun.iyer210@example.com
211,Karan,Gupta,P043,Electronics,2,8415.68,Debit Card,Delhi,karan.gupta211@example.com
212,Pooja,Singh,P078,Grocery,5,1916.85,Debit Card,Mumbai,pooja.singh212@example.com
213,Rohan,Iyer,P164,Electronics,4,10252.72,Net Banking,Ahmedabad,rohan.iyer213@example.com
214,Nikhil,Gupta,P009,Home,1,342.6,Wallet,Bengaluru,nikhil.gupta214@example.com
215,Suresh,Sharma,P129,Home,5,18648.0,Debit Card,Pune,suresh.sharma215.d2@example.com
216,Amit,Joshi,P155,Grocery,7,21436.45,Debit Card,Kolkata,amit.joshi216@example.com
217,Pooja,Iyer,P180,Electronics,10,44902.8,Wallet,Chennai,pooja.iyer217.d3@example.com
218,Sneha,Nair,P174,Grocery,3,12624.0,Net Banking,Pune,sneha.nair218@example.com
219,Pooja,Iyer,P067,Apparel,2,140.52,Net Banking,Delhi,pooja.iyer219@example.com
220,Lakshmi,Nair,P065,Grocery,7,767.97,Credit Card,Kolkata,lakshmi.nair220@example.com
221,Arjun,Sharma,P133,Home,3,12126.54,Debit Card,Ahmedabad,arjun.sharma221@example.com
222,Rohan,Khan,P028,Grocery,1,3982.18,Debit Card,Delhi,rohan.khan222@example.com
223,Kavya,Reddy,P184,Grocery,4,19357.4,Cash on Delivery,Ahmedabad,kavya.reddy223@example.com
224,Lakshmi,Khan,P139,Toys,4,13063.56,Credit Card,Pune,lakshmi.khan224@example.com
225,Pooja,Joshi,P134,Grocery,6,18463.74,Net Banking,Bengaluru,pooja.joshi225@example.com
226,Nikhil,Khan,P176,Home,3,6715.44,Credit Card,Pune,nikhil.khan226@example.com
227,Rohan,Singh,P164,Electronics,1,2563.18,Net Banking,Kolkata,rohan.singh227@example.com
228,Rahul,Gupta,P016,Grocery,1,1483.57,Net Banking,Pune,rahul.gupta228.d3@example.com
229,Sneha,Iyer,P149,Apparel,6,26961.78,UPI,Kolkata,sneha.iyer229.d2@example.com
230,Nikhil,Nair,P135,Books,4,19610.04,Debit Card,Delhi,nikhil.nair230@example.com
231,Karan,Nair,P034,Electronics,2,1268.86,Wallet,Delhi,karan.nair231@example.com
232,Pooja,Nair,P038,Toys,6,2605.32,UPI,Chennai,pooja.nair232@example.com
233,Kavya,Iyer,P200,Electronics,8,3728.8,UPI,Kolkata,kavya.iyer233@example.com
234,Pooja,Verma,P176,Home,5,11192.4,Debit Card,Ahmedabad,pooja.verma234@example.com
235,Kavya,Iyer,P001,Apparel,1,4741.93,UPI,Chennai,kavya.iyer235@example.com
236,Lakshmi,Gupta,P083,Electronics,8,37978.4,Cash on Delivery,Mumbai,lakshmi.gupta236@example.com
237,Vikram,Singh,P169,Toys,6,8532.42,Net Banking,Hyderabad,vikram.singh237@example.com
238,Arjun,Patel,P022,Books,10,35749.5,Cash on Delivery,Pune,arjun.patel238@example.com
239,Amit,Verma,P163,Apparel,10,2588.8,Credit Card,Bengaluru,amit.verma239@example.com
240,Rohan,Das,P019,Toys,5,4723.0,Credit Card,Delhi,rohan.das240@example.com
241,Suresh,Rao,P060,Apparel,3,10639.98,Debit Card,Bengaluru,suresh.rao241@example.com
242,Anita,Das,P104,Books,9,15136.56,Wallet,Mumbai,anita.das242@example.com
243,Meera,Iyer,P172,Grocery,9,31600.17,Net Banking,Bengaluru,meera.iyer243@example.com
244,Suresh,Verma,P136,Toys,2,9380.92,Credit Card,Mumbai,suresh.verma244@example.com
245,Divya,Patel,P068,Home,7,18873.61,Net Banking,Ahmedabad,divya.patel245@example.com
246,Lakshmi,Nair,P143,Grocery,1,188.57,UPI,Ahmedabad,lakshmi.nair246@example.com
247,Anita,Khan,P064,Grocery,8,9585.52,Cash on Delivery,Hyderabad,anita.khan247@example.com
248,Suresh,Joshi,P042,Books,6,23967.72,Cash on Delivery,Ahmedabad,suresh.joshi248@example.com
249,Suresh,Rao,P171,Home,5,12816.85,Net Banking,Kolkata,suresh.rao249@example.com
250,Anita,Verma,P174,Grocery,2,8416.0,UPI,Hyderabad,anita.verma250@example.com
251,Priya,Verma,P006,Grocery,10,2356.0,Wallet,Pune,priya.verma251@example.com
252,Lakshmi,Nair,P025,Books,9,19499.22,Debit Card,Hyderabad,lakshmi.nair252@example.com
253,Vikram,Rao,P055,Grocery,7,14137.13,Credit Card,Pune,vikram.rao253@example.com
254,Karan,Singh,P088,Home,8,5264.56,Net Banking,Pune,karan.singh254@example.com
255,Priya,Singh,P109,Home,5,9050.15,UPI,Pune,priya.singh255.d2@example.com
256,Arjun,Khan,P127,Apparel,7,3355.87,UPI,Pune,arjun.khan256@example.com
257,Sneha,Rao,P053,Electronics,8,9041.04,Debit Card,Pune,sneha.rao257@example.com
258,Vikram,Das,P183,Grocery,5,6514.4,Wallet,Mumbai,vikram.das258@example.com
259,Nikhil,Khan,P011,Grocery,7,22201.2,Cash on Delivery,Hyderabad,nikhil.khan259@example.com
260,Sneha,Sharma,P103,Grocery,5,13431.65,Cash on Delivery,Bengaluru,sneha.sharma260@example.com
261,Priya,Khan,P122,Electronics,10,41815.1,Cash on Delivery,Kolkata,priya.khan261@example.com
262,Rahul,Iyer,P158,Electronics,3,8413.65,Credit Card,Ahmedabad,rahul.iyer262@example.com
263,Sneha,Verma,P161,Electronics,3,13265.94,UPI,Hyderabad,sneha.verma263@example.com
264,Amit,Rao,P108,Grocery,2,2079.18,Debit Card,Chennai,amit.rao264@example.com
265,Meera,Patel,P144,Grocery,5,7500.9,Net Banking,Hyderabad,meera.patel265@example.com
266,Pooja,Das,P082,Books,1,798.76,Wallet,Chennai,pooja.das266@example.com
267,Priya,Reddy,P128,Toys,10,20094.0,Net Banking,Kolkata,priya.reddy267@example.com
268,Amit,Verma,P115,Apparel,2,897.32,Net Banking,Delhi,amit.verma268@example.com
269,Sneha,Reddy,P122,Electronics,7,29270.57,Wallet,Ahmedabad,sneha.reddy269@example.com
270,Amit,Gupta,P055,Grocery,2,4039.18,Credit Card,Kolkata,amit.gupta270@example.com
271,Rahul,Iyer,P176,Home,2,4476.96,Credit Card,Mumbai,rahul.iyer271@example.com
272,Rohan,Joshi,P121,Apparel,1,4008.24,Cash on Delivery,Bengaluru,rohan.joshi272@example.com
273,Priya,Rao,P116,Electronics,8,9383.12,Wallet,Delhi,priya.rao273.d2@example.com
274,Meera,Verma,P187,Home,2,1711.68,Cash on Delivery,Ahmedabad,meera.verma274@example.com
275,Priya,Joshi,P118,Home,5,15695.65,Credit Card,Hyderabad,priya.joshi275@example.com
276,Rahul,Gupta,P016,Grocery,1,1483.57,UPI,Chennai,rahul.gupta276@example.com
277,Anita,Nair,P187,Home,10,8558.4,Cash on Delivery,Hyderabad,anita.nair277@example.com
278,Suresh,Nair,P081,Electronics,6,3340.68,Wallet,Delhi,suresh.nair278@example.com
279,Kavya,Verma,P038,Toys,2,868.44,Debit Card,Kolkata,kavya.verma279@example.com
280,Suresh,Singh,P123,Electronics,7,31873.8,Cash on Delivery,Pune,suresh.singh280@example.com
281,Priya,Das,P075,Home,5,10102.2,Wallet,Pune,priya.das281@example.com
282,Vikram,Das,P156,Grocery,1,903.12,UPI,Kolkata,vikram.das282@example.com
283,Nikhil,Verma,P064,Grocery,7,8387.33,Net Banking,Bengaluru,nikhil.verma283@example.com
284,Amit,Rao,P116,Electronics,5,5864.45,UPI,Chennai,amit.rao284@example.com
285,Priya,Singh,P109,Home,3,5430.09,Debit Card,Delhi,priya.singh285@example.com
286,Lakshmi,Rao,P071,Books,9,42782.49,Cash on Delivery,Mumbai,lakshmi.rao286@example.com
287,Lakshmi,Gupta,P139,Toys,9,29393.01,Debit Card,Bengaluru,lakshmi.gupta287@example.com
288,Priya,Verma,P080,Electronics,10,17332.7,Net Banking,Ahmedabad,priya.verma288@example.com
289,Rohan,Das,P182,Toys,4,13273.08,Credit Card,Kolkata,rohan.das289@example.com
290,Rahul,Khan,P118,Home,9,28252.17,UPI,Mumbai,rahul.khan290@example.com
291,Rohan,Khan,P060,Apparel,7,24826.62,UPI,Ahmedabad,rohan.khan291@example.com
292,Karan,Iyer,P130,Electronics,10,36377.5,UPI,Hyderabad,karan.iyer292.d2@example.com
293,Meera,Rao,P024,Grocery,3,7521.75,Cash on Delivery,Pune,meera.rao293@example.com
294,Vikram,Iyer,P104,Books,9,15136.56,Credit Card,Ahmedabad,vikram.iyer294@example.com
295,Kavya,Verma,P096,Books,3,5522.01,Cash on Delivery,Chennai,kavya.verma295.d2@example.com
296,Amit,Rao,P040,Apparel,6,10401.66,UPI,Hyderabad,amit.rao296@example.com
297,Karan,Das,P025,Books,1,2166.58,Net Banking,Bengaluru,karan.das297@example.com
298,Pooja,Reddy,P067,Apparel,5,351.3,Net Banking,Delhi,pooja.reddy298@example.com
299,Arjun,Iyer,P066,Books,7,6668.2,Debit Card,Kolkata,arjun.iyer299@example.com
300,Priya,Sharma,P022,Books,6,21449.7,Cash on Delivery,Kolkata,priya.sharma300@example.com
301,Lakshmi,Reddy,P181,Grocery,8,37604.4,Cash on Delivery,Kolkata,lakshmi.reddy301@example.com
302,Rohan,Rao,P031,Books,2,5001.66,Cash on Delivery,Bengaluru,rohan.rao302@example.com
303,Nikhil,Patel,P165,Books,2,375.88,Net Banking,Delhi,nikhil.patel303@example.com
304,Divya,Patel,P095,Electronics,4,4263.24,Credit Card,Chennai,divya.patel304@example.com
305,Amit,Sharma,P091,Apparel,1,475.13,UPI,Ahmedabad,amit.sharma305@example.com
306,Vikram,Rao,P015,Electronics,2,5610.98,Credit Card,Bengaluru,vikram.rao306@example.com
307,Suresh,Verma,P174,Grocery,5,21040.0,Credit Card,Ahmedabad,suresh.verma307@example.com
308,Rohan,Gupta,P083,Electronics,6,28483.8,Credit Card,Pune,rohan.gupta308@example.com
309,Anita,Nair,P124,Toys,7,26342.4,Debit Card,Delhi,anita.nair309@example.com
310,Suresh,Joshi,P174,Grocery,1,4208.0,Debit Card,Hyderabad,suresh.joshi310@example.com
311,Rahul,Das,P041,Apparel,4,11968.52,UPI,Delhi,rahul.das311@example.com
312,Sneha,Gupta,P200,Electronics,8,3728.8,Credit Card,Mumbai,sneha.gupta312@example.com
313,Arjun,Iyer,P116,Electronics,6,7037.34,Net Banking,Mumbai,arjun.iyer313@example.com
314,Vikram,Rao,P161,Electronics,6,26531.88,Debit Card,Hyderabad,vikram.rao314@example.com
315,Vikram,Nair,P047,Toys,8,23286.64,Debit Card,Chennai,vikram.nair315@example.com
316,Divya,Patel,P108,Grocery,7,7277.13,Credit Card,Chennai,divya.patel316@example.com
317,Arjun,Patel,P147,Home,5,20896.35,UPI,Ahmedabad,arjun.patel317@example.com
318,Suresh,Nair,P028,Grocery,6,23893.08,Credit Card,Delhi,suresh.nair318@example.com
319,Karan,Khan,P132,Electronics,1,798.2,Net Banking,Chennai,karan.khan319@example.com
320,Karan,Rao,P031,Books,5,12504.15,Net Banking,Chennai,karan.rao320@example.com
321,Sneha,Gupta,P062,Home,4,19163.08,UPI,Kolkata,sneha.gupta321@example.com
322,Meera,Patel,P042,Books,1,3994.62,Wallet,Hyderabad,meera.patel322@example.com
323,Arjun,Khan,P114,Toys,9,44467.11,Debit Card,Ahmedabad,arjun.khan323.d3@example.com
324,Meera,Patel,P001,Apparel,9,42677.37,UPI,Kolkata,meera.patel324@example.com
325,Karan,Singh,P011,Grocery,7,22201.2,Cash on Delivery,Delhi,karan.singh325@example.com
326,Divya,Joshi,P036,Apparel,3,2406.96,Debit Card,Bengaluru,divya.joshi326@example.com
327,Rahul,Das,P154,Electronics,2,8740.78,Wallet,Ahmedabad,rahul.das327@example.com
328,Anita,Iyer,P195,Toys,5,697.55,Debit Card,Bengaluru,anita.iyer328@example.com
329,Karan,Sharma,P150,Toys,5,14687.9,Credit Card,Kolkata,karan.sharma329@example.com
330,Kavya,Rao,P185,Grocery,1,3746.08,UPI,Ahmedabad,kavya.rao330@example.com
331,Pooja,Nair,P024,Grocery,1,2507.25,Debit Card,Chennai,pooja.nair331@example.com
332,Kavya,Sharma,P064,Grocery,3,3594.57,Debit Card,Pune,kavya.sharma332@example.com
333,Amit,Rao,P148,Electronics,3,13663.74,Cash on Delivery,Ahmedabad,amit.rao333.d3@example.com
334,Sneha,Rao,P133,Home,2,8084.36,Wallet,Bengaluru,sneha.rao334@example.com
335,Priya,Singh,P083,Electronics,7,33231.1,Credit Card,Ahmedabad,priya.singh335@example.com
336,Amit,Khan,P115,Apparel,9,4037.94,Cash on Delivery,Delhi,amit.khan336@example.com
337,Rahul,Iyer,P006,Grocery,4,942.4,Cash on Delivery,Delhi,rahul.iyer337@example.com
338,Meera,Singh,P043,Electronics,2,8415.68,Cash on Delivery,Hyderabad,meera.singh338@example.com
339,Karan,Singh,P005,Electronics,2,9106.08,Cash on Delivery,Bengaluru,karan.singh339@example.com
340,Suresh,Reddy,P134,Grocery,4,12309.16,UPI,Mumbai,suresh.reddy340@example.com
341,Priya,Singh,P184,Grocery,3,14518.05,Credit Card,Ahmedabad,priya.singh341@example.com
342,Rohan,Reddy,P127,Apparel,10,4794.1,Credit Card,Mumbai,rohan.reddy342@example.com
343,Divya,Iyer,P104,Books,3,5045.52,Debit Card,Ahmedabad,divya.iyer343@example.com
344,Anita,Sharma,P192,Apparel,7,3544.52,UPI,Kolkata,anita.sharma344@example.com
345,Priya,Gupta,P178,Home,7,2883.65,Credit Card,Pune,priya.gupta345@example.com
346,Divya,Rao,P087,Apparel,7,21218.96,Wallet,Kolkata,divya.rao346@example.com
347,Nikhil,Khan,P145,Grocery,6,22981.26,Credit Card,Pune,nikhil.khan347@example.com
348,Kavya,Iyer,P133,Home,3,12126.54,Net Banking,Hyderabad,kavya.iyer348@example.com
349,Anita,Reddy,P094,Toys,2,1698.24,UPI,Kolkata,anita.reddy349@example.com
350,Amit,Iyer,P052,Books,9,5666.58,Debit Card,Kolkata,amit.iyer350@example.com
351,Priya,Sharma,P102,Grocery,8,14485.6,Credit Card,Chennai,priya.sharma351@example.com
352,Rohan,Verma,P174,Grocery,10,42080.0,Cash on Delivery,Hyderabad,rohan.verma352@example.com
353,Rohan,Reddy,P160,Books,2,5598.88,Cash on Delivery,Hyderabad,rohan.reddy353@example.com
354,Priya,Singh,P112,Grocery,4,13911.92,Credit Card,Chennai,priya.singh354@example.com
355,Sneha,Sharma,P089,Home,3,14897.58,Cash on Delivery,Chennai,sneha.sharma355@example.com
356,Vikram,Nair,P022,Books,8,28599.6,Credit Card,Delhi,vikram.nair356@example.com
357,Meera,Singh,P076,Home,7,3937.57,Debit Card,Mumbai,meera.singh357@example.com
358,Meera,Nair,P190,Books,9,18439.74,Cash on Delivery,Bengaluru,meera.nair358.d3@example.com
359,Karan,Khan,P167,Books,7,34076.91,Wallet,Pune,karan.khan359@example.com
360,Meera,Das,P118,Home,5,15695.65,Net Banking,Ahmedabad,meera.das360@example.com
361,Divya,Rao,P080,Electronics,10,17332.7,Net Banking,Bengaluru,divya.rao361@example.com
362,Nikhil,Das,P132,Electronics,9,7183.8,Net Banking,Hyderabad,nikhil.das362@example.com
363,Divya,Rao,P091,Apparel,3,1425.39,Cash on Delivery,Pune,divya.rao363@example.com
364,Meera,Iyer,P126,Home,5,19781.1,UPI,Hyderabad,meera.iyer364@example.com
365,Anita,Khan,P198,Electronics,1,608.61,Credit Card,Pune,anita.khan365@example.com
366,Nikhil,Nair,P113,Apparel,1,2263.78,Debit Card,Kolkata,nikhil.nair366@example.com
367,Vikram,Gupta,P134,Grocery,4,12309.16,UPI,Pune,vikram.gupta367@example.com
368,Rohan,Khan,P036,Apparel,4,3209.28,Credit Card,Ahmedabad,rohan.khan368@example.com
369,Pooja,Reddy,P069,Books,3,8560.17,Credit Card,Kolkata,pooja.reddy369@example.com
370,Sneha,Nair,P197,Apparel,9,23271.3,Net Banking,Delhi,sneha.nair370@example.com
371,Sneha,Gupta,P107,Home,5,18561.85,Net Banking,Ahmedabad,sneha.gupta371@example.com
372,Meera,Rao,P074,Toys,6,23996.82,Net Banking,Kolkata,meera.rao372@example.com
373,Amit,Joshi,P166,Electronics,6,13464.48,Net Banking,Kolkata,amit.joshi373@example.com
374,Anita,Khan,P114,Toys,5,24703.95,UPI,Mumbai,anita.khan374@example.com
375,Nikhil,Das,P112,Grocery,10,34779.8,Debit Card,Mumbai,nikhil.das375@example.com
376,Divya,Rao,P085,Grocery,6,18537.84,Debit Card,Kolkata,divya.rao376@example.com
377,Priya,Singh,P003,Electronics,1,4115.31,Cash on Delivery,Ahmedabad,priya.singh377@example.com
378,Meera,Khan,P077,Toys,10,20321.9,Cash on Delivery,Kolkata,meera.khan378@example.com
379,Pooja,Gupta,P133,Home,9,36379.62,Net Banking,Pune,pooja.gupta379@example.com
380,Kavya,Nair,P011,Grocery,10,31716.0,Cash on Delivery,Mumbai,kavya.nair380.d3@example.com
381,Sneha,Gupta,P135,Books,4,19610.04,UPI,Kolkata,sneha.gupta381@example.com
382,Vikram,Iyer,P167,Books,4,19472.52,Net Banking,Ahmedabad,vikram.iyer382.d3@example.com
383,Arjun,Joshi,P103,Grocery,8,21490.64,Cash on Delivery,Mumbai,arjun.joshi383@example.com
384,Arjun,Rao,P044,Apparel,6,14380.74,Credit Card,Chennai,arjun.rao384@example.com
385,Sneha,Verma,P132,Electronics,3,2394.6,UPI,Pune,sneha.verma385@example.com
386,Anita,Khan,P131,Grocery,7,34761.37,UPI,Bengaluru,anita.khan386@example.com
387,Pooja,Patel,P130,Electronics,4,14551.0,Credit Card,Mumbai,pooja.patel387@example.com
388,Priya,Joshi,P091,Apparel,10,4751.3,Net Banking,Hyderabad,priya.joshi388@example.com
389,Amit,Singh,P001,Apparel,5,23709.65,Net Banking,Mumbai,amit.singh389@example.com
390,Amit,Iyer,P151,Books,1,2132.11,Debit Card,Ahmedabad,amit.iyer390@example.com
391,Rohan,Verma,P197,Apparel,9,23271.3,Cash on Delivery,Delhi,rohan.verma391@example.com
392,Pooja,Das,P148,Electronics,4,18218.32,Credit Card,Kolkata,pooja.das392@example.com
393,Sneha,Sharma,P041,Apparel,9,26929.17,Credit Card,Mumbai,sneha.sharma393@example.com
394,Lakshmi,Nair,P044,Apparel,9,21571.11,Cash on Delivery,Kolkata,lakshmi.nair394@example.com
395,Arjun,Patel,P016,Grocery,4,5934.28,Net Banking,Bengaluru,arjun.patel395@example.com
396,Anita,Sharma,P091,Apparel,5,2375.65,UPI,Mumbai,anita.sharma396@example.com
397,Kavya,Iyer,P150,Toys,2,5875.16,Net Banking,Kolkata,kavya.iyer397@example.com
398,Divya,Gupta,P006,Grocery,1,235.6,Cash on Delivery,Hyderabad,divya.gupta398@example.com
399,Divya,Iyer,P113,Apparel,1,2263.78,Debit Card,Hyderabad,divya.iyer399@example.com
400,Anita,Rao,P041,Apparel,10,29921.3,Credit Card,Ahmedabad,anita.rao400@example.com
401,Rohan,Nair,P078,Grocery,7,2683.59,Credit Card,Bengaluru,rohan.nair401@example.com
402,Divya,Gupta,P174,Grocery,7,29456.0,UPI,Kolkata,divya.gupta402@example.com
403,Amit,Iyer,P183,Grocery,8,10423.04,Credit Card,Delhi,amit.iyer403@example.com
404,Nikhil,Patel,P044,Apparel,6,14380.74,Credit Card,Chennai,nikhil.patel404@example.com
405,Kavya,Reddy,P102,Grocery,9,16296.3,UPI,Kolkata,kavya.reddy405@example.com
406,Rahul,Reddy,P086,Grocery,7,22332.31,Net Banking,Pune,rahul.reddy406@example.com
407,Nikhil,Iyer,P142,Grocery,4,16557.88,Net Banking,Chennai,nikhil.iyer407@example.com
408,Pooja,Sharma,P089,Home,8,39726.88,Cash on Delivery,Pune,pooja.sharma408.d2@example.com
409,Divya,Joshi,P088,Home,3,1974.21,Debit Card,Mumbai,divya.joshi409@example.com
410,Vikram,Khan,P051,Home,5,9047.75,Net Banking,Ahmedabad,vikram.khan410@example.com
411,Kavya,Rao,P062,Home,2,9581.54,Debit Card,Kolkata,kavya.rao411.d2@example.com
412,Karan,Singh,P097,Toys,10,27387.0,Net Banking,Bengaluru,karan.singh412@example.com
413,Vikram,Joshi,P059,Home,8,34613.76,UPI,Ahmedabad,vikram.joshi413@example.com
414,Divya,Gupta,P151,Books,6,12792.66,Cash on Delivery,Bengaluru,divya.gupta414@example.com
415,Rahul,Khan,P033,Apparel,3,9193.05,UPI,Ahmedabad,rahul.khan415@example.com
416,Vikram,Singh,P008,Grocery,10,4990.3,Credit Card,Kolkata,vikram.singh416@example.com
417,Anita,Iyer,P182,Toys,2,6636.54,UPI,Bengaluru,anita.iyer417@example.com
418,Rahul,Khan,P170,Books,2,5379.52,UPI,Hyderabad,rahul.khan418@example.com
419,Meera,Reddy,P050,Toys,2,3535.36,Debit Card,Chennai,meera.reddy419@example.com
420,Meera,Rao,P033,Apparel,7,21450.45,Net Banking,Ahmedabad,meera.rao420@example.com
421,Rohan,Patel,P199,Grocery,3,14579.67,Credit Card,Pune,rohan.patel421@example.com
422,Pooja,Sharma,P174,Grocery,6,25248.0,Wallet,Ahmedabad,pooja.sharma422@example.com
423,Kavya,Verma,P064,Grocery,7,8387.33,Credit Card,Delhi,kavya.verma423@example.com
424,Rohan,Das,P075,Home,2,4040.88,Wallet,Bengaluru,rohan.das424@example.com
425,Nikhil,Sharma,P183,Grocery,1,1302.88,Cash on Delivery,Delhi,nikhil.sharma425@example.com
426,Meera,Patel,P111,Apparel,4,9550.36,Net Banking,Hyderabad,meera.patel426@example.com
427,Anita,Das,P142,Grocery,6,24836.82,Debit Card,Ahmedabad,anita.das427.d2@example.com
428,Rohan,Gupta,P184,Grocery,9,43554.15,Wallet,Pune,rohan.gupta428@example.com
429,Meera,Sharma,P001,Apparel,10,47419.3,Debit Card,Hyderabad,meera.sharma429@example.com
430,Priya,Rao,P063,Grocery,2,921.54,Debit Card,Pune,priya.rao430@example.com
431,Pooja,Joshi,P192,Apparel,2,1012.72,Wallet,Kolkata,pooja.joshi431@example.com
432,Divya,Singh,P192,Apparel,10,5063.6,Cash on Delivery,Mumbai,divya.singh432@example.com
433,Suresh,Rao,P090,Home,7,16995.72,Wallet,Ahmedabad,suresh.rao433@example.com
434,Karan,Gupta,P131,Grocery,1,4965.91,Wallet,Delhi,karan.gupta434@example.com
435,Priya,Joshi,P126,Home,4,15824.88,Cash on Delivery,Chennai,priya.joshi435@example.com
436,Anita,Verma,P045,Toys,9,3345.75,Debit Card,Chennai,anita.verma436@example.com
437,Anita,Rao,P064,Grocery,1,1198.19,UPI,Kolkata,anita.rao437@example.com
438,Meera,Patel,P024,Grocery,4,10029.0,Debit Card,Ahmedabad,meera.patel438@example.com
439,Divya,Joshi,P172,Grocery,8,28089.04,Debit Card,Hyderabad,divya.joshi439@example.com
440,Vikram,Verma,P132,Electronics,8,6385.6,UPI,Chennai,vikram.verma440@example.com
441,Divya,Rao,P035,Home,3,2599.68,Wallet,Mumbai,divya.rao441@example.com
442,Anita,Verma,P141,Grocery,7,15381.52,Net Banking,Delhi,anita.verma442@example.com
443,Nikhil,Iyer,P154,Electronics,8,34963.12,Credit Card,Chennai,nikhil.iyer443@example.com
444,Lakshmi,Iyer,P004,Electronics,9,16741.44,Credit Card,Bengaluru,lakshmi.iyer444@example.com
445,Karan,Reddy,P072,Toys,5,16985.95,Wallet,Chennai,karan.reddy445@example.com
446,Anita,Rao,P115,Apparel,2,897.32,Net Banking,Ahmedabad,anita.rao446@example.com
447,Meera,Patel,P146,Apparel,6,8003.16,Cash on Delivery,Mumbai,meera.patel447@example.com
448,Suresh,Nair,P012,Books,4,18964.64,Debit Card,Pune,suresh.nair448@example.com
449,Rohan,Reddy,P190,Books,10,20488.6,Wallet,Ahmedabad,rohan.reddy449@example.com
450,Karan,Khan,P112,Grocery,8,27823.84,UPI,Hyderabad,karan.khan450@example.com
451,Meera,Verma,P092,Electronics,5,18804.45,Cash on Delivery,Chennai,meera.verma451@example.com
452,Rahul,Patel,P168,Books,4,10340.8,Wallet,Hyderabad,rahul.patel452@example.com
453,Vikram,Singh,P007,Home,7,14839.65,UPI,Delhi,vikram.singh453@example.com
454,Anita,Reddy,P164,Electronics,9,23068.62,Wallet,Chennai,anita.reddy454@example.com
455,Arjun,Gupta,P191,Home,10,10189.4,Debit Card,Pune,arjun.gupta455@example.com
456,Kavya,Patel,P082,Books,4,3195.04,Cash on Delivery,Pune,kavya.patel456@example.com
457,Priya,Sharma,P065,Grocery,3,329.13,Credit Card,Hyderabad,priya.sharma457@example.com
458,Lakshmi,Gupta,P013,Books,4,11793.72,Net Banking,Delhi,lakshmi.gupta458@example.com
459,Rahul,Patel,P077,Toys,9,18289.71,Debit Card,Bengaluru,rahul.patel459@example.com
460,Suresh,Verma,P042,Books,3,11983.86,Net Banking,Mumbai,suresh.verma460@example.com
461,Lakshmi,Iyer,P011,Grocery,8,25372.8,Debit Card,Pune,lakshmi.iyer461@example.com
462,Pooja,Patel,P001,Apparel,1,4741.93,UPI,Mumbai,pooja.patel462@example.com
463,Pooja,Rao,P170,Books,1,2689.76,Credit Card,Ahmedabad,pooja.rao463@example.com
464,Anita,Gupta,P003,Electronics,3,12345.93,UPI,Hyderabad,anita.gupta464@example.com
465,Kavya,Das,P114,Toys,3,14822.37,Debit Card,Ahmedabad,kavya.das465.d2@example.com
466,Arjun,Khan,P022,Books,9,32174.55,Net Banking,Kolkata,arjun.khan466@example.com
467,Nikhil,Das,P137,Grocery,3,8297.61,Cash on Delivery,Mumbai,nikhil.das467@example.com
468,Meera,Das,P016,Grocery,6,8901.42,Cash on Delivery,Kolkata,meera.das468@example.com
469,Vikram,Singh,P095,Electronics,8,8526.48,UPI,Hyderabad,vikram.singh469@example.com
470,Suresh,Joshi,P049,Apparel,4,14389.24,Credit Card,Delhi,suresh.joshi470@example.com
471,Kavya,Khan,P170,Books,10,26897.6,Cash on Delivery,Chennai,kavya.khan471.d3@example.com
472,Divya,Das,P093,Toys,9,12244.95,Net Banking,Chennai,divya.das472@example.com
473,Divya,Patel,P067,Apparel,2,140.52,Debit Card,Mumbai,divya.patel473@example.com
474,Sneha,Iyer,P057,Home,5,10190.7,Cash on Delivery,Delhi,sneha.iyer474@example.com
475,Divya,Khan,P182,Toys,8,26546.16,Net Banking,Bengaluru,divya.khan475@example.com
476,Sneha,Joshi,P139,Toys,10,32658.9,Cash on Delivery,Mumbai,sneha.joshi476@example.com
477,Suresh,Patel,P105,Grocery,2,6170.96,Cash on Delivery,Mumbai,suresh.patel477@example.com
478,Sneha,Nair,P161,Electronics,9,39797.82,Wallet,Kolkata,sneha.nair478@example.com
479,Karan,Das,P140,Books,3,11280.03,Debit Card,Mumbai,karan.das479.d2@example.com
480,Priya,Gupta,P036,Apparel,6,4813.92,Debit Card,Hyderabad,priya.gupta480@example.com
481,Amit,Joshi,P096,Books,1,1840.67,Cash on Delivery,Bengaluru,amit.joshi481@example.com
482,Sneha,Joshi,P118,Home,5,15695.65,Debit Card,Kolkata,sneha.joshi482@example.com
483,Karan,Das,P023,Books,10,3450.3,Credit Card,Pune,karan.das483@example.com
484,Arjun,Joshi,P044,Apparel,6,14380.74,Wallet,Delhi,arjun.joshi484@example.com
485,Divya,Rao,P066,Books,1,952.6,Debit Card,Delhi,divya.rao485@example.com
486,Priya,Das,P185,Grocery,6,22476.48,UPI,Mumbai,priya.das486@example.com
487,Arjun,Das,P092,Electronics,9,33848.01,Credit Card,Hyderabad,arjun.das487@example.com
488,Rohan,Rao,P173,Apparel,4,18471.12,Debit Card,Ahmedabad,rohan.rao488@example.com
489,Suresh,Reddy,P006,Grocery,10,2356.0,Credit Card,Ahmedabad,suresh.reddy489@example.com
490,Rohan,Patel,P029,Toys,2,7820.32,Debit Card,Chennai,rohan.patel490@example.com
491,Vikram,Das,P176,Home,7,15669.36,UPI,Chennai,vikram.das491@example.com
492,Amit,Rao,P114,Toys,1,4940.79,Debit Card,Ahmedabad,amit.rao492@example.com
493,Priya,Sharma,P129,Home,8,29836.8,Credit Card,Delhi,priya.sharma493@example.com
494,Nikhil,Nair,P159,Apparel,10,34275.4,Debit Card,Ahmedabad,nikhil.nair494@example.com
495,Rahul,Rao,P101,Apparel,1,2616.06,UPI,Mumbai,rahul.rao495@example.com
496,Priya,Iyer,P080,Electronics,3,5199.81,Debit Card,Mumbai,priya.iyer496.d2@example.com
497,Arjun,Das,P187,Home,8,6846.72,Net Banking,Kolkata,arjun.das497@example.com
498,Amit,Rao,P091,Apparel,6,2850.78,Cash on Delivery,Ahmedabad,amit.rao498@example.com
499,Amit,Iyer,P086,Grocery,4,12761.32,Net Banking,Hyderabad,amit.iyer499@example.com
500,Vikram,Singh,P162,Electronics,3,3840.15,Net Banking,Chennai,vikram.singh500@example.com
501,Rohan,Rao,P017,Grocery,7,19084.8,Cash on Delivery,Delhi,rohan.rao501.d2@example.com
502,Sneha,Iyer,P179,Toys,1,1548.76,Net Banking,Mumbai,sneha.iyer502@example.com
503,Divya,Patel,P093,Toys,5,6802.75,Wallet,Mumbai,divya.patel503@example.com
504,Kavya,Khan,P078,Grocery,6,2300.22,Wallet,Bengaluru,kavya.khan504@example.com
505,Nikhil,Rao,P090,Home,9,21851.64,Credit Card,Pune,nikhil.rao505@example.com
506,Lakshmi,Khan,P172,Grocery,6,21066.78,UPI,Bengaluru,lakshmi.khan506@example.com
507,Vikram,Patel,P061,Apparel,6,20576.88,Debit Card,Hyderabad,vikram.patel507@example.com
508,Nikhil,Nair,P172,Grocery,8,28089.04,Net Banking,Kolkata,nikhil.nair508@example.com
509,Rahul,Patel,P044,Apparel,10,23967.9,UPI,Chennai,rahul.patel509@example.com
510,Arjun,Reddy,P065,Grocery,10,1097.1,Debit Card,Mumbai,arjun.reddy510.d2@example.com
511,Meera,Das,P150,Toys,3,8812.74,UPI,Ahmedabad,meera.das511@example.com
512,Rahul,Nair,P092,Electronics,7,26326.23,UPI,Delhi,rahul.nair512@example.com
513,Amit,Patel,P071,Books,5,23768.05,Wallet,Chennai,amit.patel513@example.com
514,Karan,Sharma,P061,Apparel,3,10288.44,Net Banking,Ahmedabad,karan.sharma514.d3@example.com
515,Meera,Khan,P052,Books,10,6296.2,UPI,Delhi,meera.khan515@example.com
516,Priya,Patel,P051,Home,4,7238.2,Cash on Delivery,Hyderabad,priya.patel516@example.com
517,Arjun,Joshi,P021,Grocery,2,3786.74,Debit Card,Hyderabad,arjun.joshi517@example.com
518,Amit,Verma,P049,Apparel,5,17986.55,UPI,Hyderabad,amit.verma518@example.com
519,Arjun,Joshi,P055,Grocery,6,12117.54,Credit Card,Ahmedabad,arjun.joshi519@example.com
520,Arjun,Patel,P104,Books,9,15136.56,UPI,Pune,arjun.patel520.d3@example.com
521,Arjun,Nair,P012,Books,2,9482.32,Cash on Delivery,Kolkata,arjun.nair521@example.com
522,Amit,Sharma,P066,Books,8,7620.8,Net Banking,Pune,amit.sharma522@example.com
523,Arjun,Patel,P015,Electronics,7,19638.43,Net Banking,Chennai,arjun.patel523@example.com
524,Vikram,Khan,P040,Apparel,4,6934.44,UPI,Chennai,vikram.khan524@example.com
525,Kavya,Khan,P093,Toys,7,9523.85,Wallet,Delhi,kavya.khan525@example.com
526,Arjun,Iyer,P169,Toys,5,7110.35,Wallet,Chennai,arjun.iyer526@example.com
527,Priya,Verma,P183,Grocery,8,10423.04,UPI,Ahmedabad,priya.verma527@example.com
528,Kavya,Khan,P144,Grocery,5,7500.9,Cash on Delivery,Chennai,kavya.khan528@example.com
529,Amit,Khan,P034,Electronics,7,4441.01,Net Banking,Mumbai,amit.khan529.d3@example.com
530,Vikram,Verma,P168,Books,6,15511.2,Debit Card,Kolkata,vikram.verma530@example.com
531,Amit,Das,P194,Books,2,4640.84,Debit Card,Mumbai,amit.das531@example.com
532,Karan,Khan,P016,Grocery,9,13352.13,Debit Card,Chennai,karan.khan532@example.com
533,Vikram,Patel,P156,Grocery,6,5418.72,Wallet,Delhi,vikram.patel533@example.com
534,Kavya,Joshi,P136,Toys,4,18761.84,Credit Card,Ahmedabad,kavya.joshi534@example.com
535,Kavya,Gupta,P128,Toys,4,8037.6,Net Banking,Bengaluru,kavya.gupta535@example.com
536,Sneha,Verma,P083,Electronics,1,4747.3,Wallet,Hyderabad,sneha.verma536@example.com
537,Kavya,Sharma,P017,Grocery,7,19084.8,Debit Card,Kolkata,kavya.sharma537@example.com
538,Divya,Sharma,P105,Grocery,7,21598.36,UPI,Hyderabad,divya.sharma538@example.com
539,Divya,Iyer,P068,Home,7,18873.61,UPI,Bengaluru,divya.iyer539@example.com
540,Rohan,Singh,P084,Books,9,1586.07,Net Banking,Bengaluru,rohan.singh540.d3@example.com
541,Lakshmi,Singh,P146,Apparel,3,4001.58,Debit Card,Hyderabad,lakshmi.singh541.d3@example.com
542,Arjun,Sharma,P073,Electronics,2,4620.78,Net Banking,Bengaluru,arjun.sharma542@example.com
543,Suresh,Iyer,P042,Books,6,23967.72,Cash on Delivery,Hyderabad,suresh.iyer543@example.com
544,Priya,Nair,P054,Apparel,6,4141.38,Debit Card,Kolkata,priya.nair544@example.com
545,Amit,Reddy,P036,Apparel,5,4011.6,Debit Card,Hyderabad,amit.reddy545@example.com
546,Vikram,Khan,P035,Home,5,4332.8,Wallet,Pune,vikram.khan546@example.com
547,Suresh,Verma,P025,Books,3,6499.74,Net Banking,Mumbai,suresh.verma547@example.com
548,Nikhil,Rao,P107,Home,6,22274.22,Credit Card,Bengaluru,nikhil.rao548@example.com
549,Priya,Patel,P052,Books,1,629.62,Cash on Delivery,Bengaluru,priya.patel549@example.com
550,Sneha,Joshi,P148,Electronics,7,31882.06,Credit Card,Delhi,sneha.joshi550@example.com
551,Sneha,Reddy,P082,Books,2,1597.52,Net Banking,Delhi,sneha.reddy551@example.com
552,Amit,Patel,P135,Books,7,34317.57,Debit Card,Delhi,amit.patel552@example.com
553,Sneha,Khan,P163,Apparel,9,2329.92,UPI,Ahmedabad,sneha.khan553@example.com
554,Karan,Iyer,P020,Books,6,17264.76,Wallet,Mumbai,karan.iyer554@example.com
555,Amit,Singh,P070,Grocery,3,10403.82,UPI,Mumbai,amit.singh555@example.com
556,Priya,Gupta,P012,Books,4,18964.64,Debit Card,Kolkata,priya.gupta556@example.com
557,Arjun,Joshi,P069,Books,1,2853.39,Wallet,Ahmedabad,arjun.joshi557.d2@example.com
558,Arjun,Joshi,P140,Books,5,18800.05,Net Banking,Chennai,arjun.joshi558@example.com
559,Arjun,Khan,P103,Grocery,7,18804.31,Net Banking,Kolkata,arjun.khan559@example.com
560,Nikhil,Gupta,P039,Books,7,20205.36,Debit Card,Hyderabad,nikhil.gupta560@example.com
561,Rohan,Joshi,P062,Home,10,47907.7,Cash on Delivery,Kolkata,rohan.joshi561@example.com
562,Sneha,Reddy,P062,Home,4,19163.08,Cash on Delivery,Hyderabad,sneha.reddy562@example.com
563,Nikhil,Joshi,P184,Grocery,1,4839.35,Cash on Delivery,Pune,nikhil.joshi563@example.com
564,Arjun,Nair,P176,Home,10,22384.8,Cash on Delivery,Hyderabad,arjun.nair564@example.com
565,Arjun,Das,P122,Electronics,8,33452.08,Cash on Delivery,Kolkata,arjun.das565@example.com
566,Kavya,Joshi,P061,Apparel,7,24006.36,Credit Card,Kolkata,kavya.joshi566@example.com
567,Arjun,Reddy,P135,Books,5,24512.55,Wallet,Bengaluru,arjun.reddy567@example.com
568,Rohan,Nair,P157,Home,5,15572.75,Wallet,Pune,rohan.nair568@example.com
569,Lakshmi,Das,P134,Grocery,10,30772.9,Debit Card,Delhi,lakshmi.das569@example.com
570,Kavya,Khan,P017,Grocery,9,24537.6,Debit Card,Delhi,kavya.khan570@example.com
571,Anita,Patel,P094,Toys,4,3396.48,Wallet,Ahmedabad,anita.patel571@example.com
572,Arjun,Gupta,P046,Toys,1,3522.39,UPI,Kolkata,arjun.gupta572@example.com
573,Vikram,Joshi,P032,Apparel,7,25625.25,UPI,Kolkata,vikram.joshi573@example.com
574,Kavya,Verma,P027,Home,6,11038.98,Cash on Delivery,Chennai,kavya.verma574@example.com
575,Rohan,Gupta,P116,Electronics,2,2345.78,UPI,Ahmedabad,rohan.gupta575@example.com
576,Suresh,Verma,P178,Home,2,823.9,Net Banking,Delhi,suresh.verma576@example.com
577,Vikram,Sharma,P195,Toys,3,418.53,Cash on Delivery,Delhi,vikram.sharma577@example.com
578,Divya,Das,P094,Toys,8,6792.96,UPI,Pune,divya.das578@example.com
579,Amit,Khan,P098,Electronics,5,19014.05,Debit Card,Hyderabad,amit.khan579@example.com
580,Priya,Das,P147,Home,5,20896.35,Debit Card,Chennai,priya.das580@example.com
581,Rohan,Rao,P184,Grocery,9,43554.15,UPI,Bengaluru,rohan.rao581@example.com
582,Rahul,Khan,P068,Home,8,21569.84,Wallet,Ahmedabad,rahul.khan582@example.com
583,Vikram,Gupta,P023,Books,4,1380.12,UPI,Pune,vikram.gupta583@example.com
584,Nikhil,Rao,P012,Books,8,37929.28,Credit Card,Chennai,nikhil.rao584@example.com
585,Rohan,Rao,P105,Grocery,7,21598.36,Debit Card,Kolkata,rohan.rao585@example.com
586,Karan,Joshi,P149,Apparel,3,13480.89,Cash on Delivery,Pune,karan.joshi586@example.com
587,Arjun,Reddy,P017,Grocery,4,10905.6,Credit Card,Ahmedabad,arjun.reddy587@example.com
588,Pooja,Nair,P098,Electronics,7,26619.67,Wallet,Hyderabad,pooja.nair588@example.com
589,Suresh,Nair,P028,Grocery,10,39821.8,Wallet,Kolkata,suresh.nair589@example.com
590,Anita,Reddy,P107,Home,8,29698.96,Net Banking,Kolkata,anita.reddy590@example.com
591,Amit,Verma,P126,Home,3,11868.66,Debit Card,Bengaluru,amit.verma591@example.com
592,Priya,Verma,P103,Grocery,9,24176.97,UPI,Pune,priya.verma592@example.com
593,Suresh,Reddy,P197,Apparel,7,18099.9,Credit Card,Bengaluru,suresh.reddy593@example.com
594,Amit,Reddy,P020,Books,10,28774.6,Net Banking,Mumbai,amit.reddy594@example.com
595,Suresh,Sharma,P193,Apparel,4,585.76,Wallet,Bengaluru,suresh.sharma595@example.com
596,Lakshmi,Sharma,P183,Grocery,6,7817.28,Cash on Delivery,Kolkata,lakshmi.sharma596@example.com
597,Pooja,Sharma,P150,Toys,3,8812.74,Wallet,Delhi,pooja.sharma597@example.com
598,Karan,Khan,P083,Electronics,6,28483.8,Credit Card,Delhi,karan.khan598@example.com
599,Rohan,Reddy,P138,Grocery,5,779.55,UPI,Kolkata,rohan.reddy599@example.com
600,Nikhil,Khan,P066,Books,5,4763.0,Net Banking,Hyderabad,nikhil.khan600@example.com
601,Divya,Gupta,P079,Grocery,5,11155.5,Net Banking,Chennai,divya.gupta601@example.com
602,Vikram,Sharma,P079,Grocery,4,8924.4,Debit Card,Pune,vikram.sharma602@example.com
603,Vikram,Rao,P119,Books,8,33681.28,UPI,Bengaluru,vikram.rao603@example.com
604,Priya,Joshi,P117,Grocery,9,15496.2,UPI,Kolkata,priya.joshi604.d2@example.com
605,Pooja,Das,P137,Grocery,4,11063.48,UPI,Hyderabad,pooja.das605@example.com
606,Suresh,Singh,P071,Books,4,19014.44,Debit Card,Bengaluru,suresh.singh606@example.com
607,Suresh,Gupta,P152,Books,8,5578.24,Wallet,Ahmedabad,suresh.gupta607@example.com
608,Priya,Patel,P053,Electronics,4,4520.52,Net Banking,Mumbai,priya.patel608@example.com
609,Rahul,Das,P013,Books,3,8845.29,Net Banking,Delhi,rahul.das609@example.com
610,Anita,Nair,P004,Electronics,9,16741.44,Debit Card,Chennai,anita.nair610@example.com
611,Anita,Patel,P055,Grocery,9,18176.31,Wallet,Bengaluru,anita.patel611@example.com
612,Suresh,Reddy,P133,Home,2,8084.36,Debit Card,Mumbai,suresh.reddy612@example.com
613,Divya,Verma,P013,Books,7,20639.01,UPI,Ahmedabad,divya.verma613@example.com
614,Vikram,Sharma,P176,Home,7,15669.36,Wallet,Delhi,vikram.sharma614@example.com
615,Suresh,Singh,P011,Grocery,3,9514.8,Debit Card,Pune,suresh.singh615@example.com
616,Vikram,Singh,P181,Grocery,9,42304.95,UPI,Pune,vikram.singh616@example.com
617,Vikram,Verma,P141,Grocery,4,8789.44,Debit Card,Kolkata,vikram.verma617@example.com
618,Nikhil,Patel,P009,Home,6,2055.6,Wallet,Chennai,nikhil.patel618@example.com
619,Rahul,Iyer,P058,Apparel,9,39804.75,Net Banking,Delhi,rahul.iyer619@example.com
620,Pooja,Rao,P187,Home,3,2567.52,Wallet,Kolkata,pooja.rao620@example.com
621,Kavya,Reddy,P030,Electronics,1,2893.4,Wallet,Bengaluru,kavya.reddy621@example.com
622,Rahul,Singh,P168,Books,9,23266.8,Net Banking,Pune,rahul.singh622@example.com
623,Rahul,Iyer,P005,Electronics,8,36424.32,Net Banking,Chennai,rahul.iyer623@example.com
624,Rahul,Iyer,P078,Grocery,10,3833.7,Debit Card,Ahmedabad,rahul.iyer624@example.com
625,Meera,Sharma,P070,Grocery,4,13871.76,Cash on Delivery,Mumbai,meera.sharma625@example.com
626,Karan,Patel,P001,Apparel,1,4741.93,Wallet,Kolkata,karan.patel626@example.com
627,Arjun,Rao,P013,Books,3,8845.29,Net Banking,Ahmedabad,arjun.rao627@example.com
628,Kavya,Patel,P064,Grocery,6,7189.14,Credit Card,Chennai,kavya.patel628@example.com
629,Suresh,Reddy,P018,Books,9,14192.91,Wallet,Mumbai,suresh.reddy629@example.com
630,Nikhil,Nair,P042,Books,10,39946.2,Credit Card,Hyderabad,nikhil.nair630@example.com
631,Sneha,Gupta,P011,Grocery,9,28544.4,Wallet,Delhi,sneha.gupta631@example.com
632,Kavya,Reddy,P107,Home,10,37123.7,UPI,Delhi,kavya.reddy632@example.com
633,Rahul,Rao,P093,Toys,3,4081.65,Credit Card,Ahmedabad,rahul.rao633@example.com
634,Rohan,Reddy,P078,Grocery,3,1150.11,Credit Card,Bengaluru,rohan.reddy634@example.com
635,Lakshmi,Singh,P030,Electronics,3,8680.2,Cash on Delivery,Mumbai,lakshmi.singh635@example.com
636,Divya,Patel,P084,Books,8,1409.84,Cash on Delivery,Hyderabad,divya.patel636@example.com
637,Kavya,Iyer,P130,Electronics,5,18188.75,UPI,Kolkata,kavya.iyer637@example.com
638,Vikram,Iyer,P143,Grocery,4,754.28,Wallet,Bengaluru,vikram.iyer638@example.com
639,Sneha,Sharma,P025,Books,1,2166.58,Net Banking,Bengaluru,sneha.sharma639@example.com
640,Rahul,Patel,P177,Electronics,4,13488.88,Debit Card,Chennai,rahul.patel640@example.com
641,Nikhil,Das,P008,Grocery,2,998.06,Cash on Delivery,Mumbai,nikhil.das641@example.com
642,Sneha,Reddy,P075,Home,10,20204.4,Wallet,Bengaluru,sneha.reddy642@example.com
643,Priya,Iyer,P060,Apparel,4,14186.64,Wallet,Pune,priya.iyer643.d3@example.com
644,Karan,Das,P026,Apparel,7,16483.11,Wallet,Hyderabad,karan.das644@example.com
645,Rahul,Nair,P078,Grocery,6,2300.22,Cash on Delivery,Delhi,rahul.nair645@example.com
646,Pooja,Gupta,P003,Electronics,6,24691.86,Credit Card,Mumbai,pooja.gupta646@example.com
647,Anita,Patel,P063,Grocery,4,1843.08,UPI,Delhi,anita.patel647@example.com
648,Divya,Verma,P053,Electronics,4,4520.52,UPI,Mumbai,divya.verma648@example.com
649,Priya,Nair,P001,Apparel,8,37935.44,Cash on Delivery,Pune,priya.nair649@example.com
650,Rahul,Iyer,P018,Books,10,15769.9,Wallet,Hyderabad,rahul.iyer650@example.com
651,Rahul,Verma,P094,Toys,7,5943.84,Wallet,Pune,rahul.verma651@example.com
652,Lakshmi,Verma,P150,Toys,3,8812.74,Wallet,Ahmedabad,lakshmi.verma652@example.com
653,Meera,Sharma,P035,Home,5,4332.8,Wallet,Ahmedabad,meera.sharma653@example.com
654,Anita,Gupta,P175,Grocery,10,21123.5,Net Banking,Chennai,anita.gupta654@example.com
655,Sneha,Reddy,P192,Apparel,10,5063.6,UPI,Bengaluru,sneha.reddy655@example.com
656,Suresh,Khan,P062,Home,4,19163.08,Debit Card,Bengaluru,suresh.khan656@example.com
657,Nikhil,Verma,P148,Electronics,1,4554.58,Net Banking,Pune,nikhil.verma657@example.com
658,Rahul,Iyer,P098,Electronics,7,26619.67,Wallet,Pune,rahul.iyer658@example.com
659,Pooja,Singh,P170,Books,10,26897.6,Credit Card,Chennai,pooja.singh659@example.com
660,Amit,Reddy,P126,Home,10,39562.2,Net Banking,Kolkata,amit.reddy660@example.com
661,Meera,Nair,P106,Grocery,10,40400.9,Debit Card,Pune,meera.nair661@example.com
662,Rahul,Rao,P140,Books,4,15040.04,Net Banking,Ahmedabad,rahul.rao662@example.com
663,Meera,Rao,P159,Apparel,1,3427.54,Credit Card,Chennai,meera.rao663@example.com
664,Pooja,Verma,P048,Toys,8,32948.24,Net Banking,Kolkata,pooja.verma664.d3@example.com
665,Priya,Gupta,P031,Books,6,15004.98,Debit Card,Kolkata,priya.gupta665.d3@example.com
666,Vikram,Rao,P070,Grocery,6,20807.64,Debit Card,Bengaluru,vikram.rao666@example.com
667,Nikhil,Singh,P090,Home,10,24279.6,Net Banking,Pune,nikhil.singh667@example.com
668,Karan,Patel,P130,Electronics,10,36377.5,Net Banking,Hyderabad,karan.patel668@example.com
669,Sneha,Iyer,P001,Apparel,3,14225.79,Net Banking,Chennai,sneha.iyer669@example.com
670,Sneha,Khan,P189,Grocery,6,21277.8,Wallet,Kolkata,sneha.khan670@example.com
671,Pooja,Reddy,P035,Home,5,4332.8,Cash on Delivery,Pune,pooja.reddy671@example.com
672,Meera,Rao,P114,Toys,5,24703.95,UPI,Kolkata,meera.rao672@example.com
673,Lakshmi,Nair,P134,Grocery,1,3077.29,UPI,Hyderabad,lakshmi.nair673@example.com
674,Nikhil,Nair,P015,Electronics,2,5610.98,UPI,Mumbai,nikhil.nair674.d3@example.com
675,Suresh,Sharma,P187,Home,9,7702.56,UPI,Ahmedabad,suresh.sharma675@example.com
676,Rohan,Patel,P036,Apparel,1,802.32,Debit Card,Hyderabad,rohan.patel676.d2@example.com
677,Rohan,Verma,P101,Apparel,3,7848.18,Credit Card,Chennai,rohan.verma677.d3@example.com
678,Amit,Gupta,P198,Electronics,9,5477.49,Debit Card,Kolkata,amit.gupta678@example.com
679,Nikhil,Nair,P167,Books,2,9736.26,Debit Card,Bengaluru,nikhil.nair679@example.com
680,Arjun,Patel,P177,Electronics,5,16861.1,Cash on Delivery,Ahmedabad,arjun.patel680@example.com
681,Kavya,Patel,P013,Books,9,26535.87,Debit Card,Hyderabad,kavya.patel681@example.com
682,Anita,Verma,P042,Books,5,19973.1,UPI,Hyderabad,anita.verma682@example.com
683,Nikhil,Rao,P151,Books,5,10660.55,Wallet,Delhi,nikhil.rao683@example.com
684,Lakshmi,Iyer,P070,Grocery,5,17339.7,Cash on Delivery,Pune,lakshmi.iyer684@example.com
685,Sneha,Verma,P113,Apparel,7,15846.46,UPI,Pune,sneha.verma685@example.com
686,Nikhil,Nair,P101,Apparel,6,15696.36,UPI,Bengaluru,nikhil.nair686.d2@example.com
687,Suresh,Khan,P053,Electronics,1,1130.13,Net Banking,Delhi,suresh.khan687@example.com
688,Priya,Patel,P200,Electronics,6,2796.6,UPI,Ahmedabad,priya.patel688@example.com
689,Pooja,Reddy,P170,Books,9,24207.84,UPI,Kolkata,pooja.reddy689@example.com
690,Meera,Verma,P093,Toys,7,9523.85,Credit Card,Chennai,meera.verma690@example.com
691,Priya,Khan,P116,Electronics,1,1172.89,Wallet,Chennai,priya.khan691@example.com
692,Kavya,Singh,P091,Apparel,10,4751.3,Debit Card,Mumbai,kavya.singh692@example.com
693,Pooja,Joshi,P141,Grocery,2,4394.72,Credit Card,Chennai,pooja.joshi693.d3@example.com
694,Sneha,Gupta,P043,Electronics,3,12623.52,Net Banking,Pune,sneha.gupta694@example.com
695,Lakshmi,Rao,P103,Grocery,7,18804.31,UPI,Delhi,lakshmi.rao695@example.com
696,Pooja,Verma,P183,Grocery,3,3908.64,UPI,Delhi,pooja.verma696@example.com
697,Rahul,Gupta,P055,Grocery,3,6058.77,Credit Card,Chennai,rahul.gupta697@example.com
698,Pooja,Gupta,P147,Home,4,16717.08,Debit Card,Chennai,pooja.gupta698@example.com
699,Vikram,Iyer,P174,Grocery,3,12624.0,Wallet,Bengaluru,vikram.iyer699@example.com
700,Meera,Sharma,P129,Home,2,7459.2,Wallet,Kolkata,meera.sharma700@example.com
701,Nikhil,Das,P074,Toys,3,11998.41,UPI,Mumbai,nikhil.das701@example.com
702,Rohan,Das,P198,Electronics,10,6086.1,Debit Card,Bengaluru,rohan.das702@example.com
703,Kavya,Verma,P080,Electronics,2,3466.54,Cash on Delivery,Kolkata,kavya.verma703@example.com
704,Rahul,Reddy,P093,Toys,9,12244.95,Credit Card,Bengaluru,rahul.reddy704.d2@example.com
705,Vikram,Nair,P001,Apparel,8,37935.44,Credit Card,Mumbai,vikram.nair705@example.com
706,Priya,Sharma,P115,Apparel,10,4486.6,Cash on Delivery,Ahmedabad,priya.sharma706@example.com
707,Divya,Singh,P029,Toys,8,31281.28,Wallet,Pune,divya.singh707@example.com
708,Divya,Iyer,P085,Grocery,9,27806.76,Cash on Delivery,Bengaluru,divya.iyer708@example.com
709,Amit,Iyer,P073,Electronics,10,23103.9,Debit Card,Hyderabad,amit.iyer709@example.com
710,Pooja,Rao,P130,Electronics,5,18188.75,Credit Card,Chennai,pooja.rao710.d3@example.com
711,Sneha,Gupta,P186,Electronics,2,4042.74,Net Banking,Kolkata,sneha.gupta711@example.com
712,Kavya,Khan,P058,Apparel,1,4422.75,UPI,Chennai,kavya.khan712@example.com
713,Vikram,Gupta,P019,Toys,8,7556.8,Net Banking,Ahmedabad,vikram.gupta713@example.com
714,Karan,Reddy,P049,Apparel,6,21583.86,Net Banking,Chennai,karan.reddy714@example.com
715,Rahul,Joshi,P073,Electronics,6,13862.34,Cash on Delivery,Hyderabad,rahul.joshi715@example.com
716,Karan,Singh,P113,Apparel,4,9055.12,Debit Card,Ahmedabad,karan.singh716@example.com
717,Amit,Reddy,P192,Apparel,1,506.36,UPI,Bengaluru,amit.reddy717@example.com
718,Rohan,Khan,P107,Home,1,3712.37,UPI,Delhi,rohan.khan718@example.com
719,Kavya,Singh,P145,Grocery,3,11490.63,Credit Card,Hyderabad,kavya.singh719.d2@example.com
720,Kavya,Gupta,P190,Books,3,6146.58,Credit Card,Ahmedabad,kavya.gupta720@example.com
721,Arjun,Reddy,P198,Electronics,2,1217.22,Debit Card,Pune,arjun.reddy721@example.com
722,Lakshmi,Reddy,P200,Electronics,8,3728.8,UPI,Pune,lakshmi.reddy722@example.com
723,Sneha,Khan,P122,Electronics,3,12544.53,Cash on Delivery,Chennai,sneha.khan723@example.com
724,Karan,Rao,P131,Grocery,7,34761.37,UPI,Pune,karan.rao724.d3@example.com
725,Pooja,Joshi,P050,Toys,5,8838.4,Wallet,Kolkata,pooja.joshi725@example.com
726,Vikram,Patel,P042,Books,7,27962.34,Credit Card,Mumbai,vikram.patel726@example.com
727,Nikhil,Sharma,P055,Grocery,10,20195.9,Credit Card,Mumbai,nikhil.sharma727@example.com
728,Karan,Das,P119,Books,1,4210.16,Cash on Delivery,Mumbai,karan.das728@example.com
729,Suresh,Nair,P083,Electronics,6,28483.8,Wallet,Bengaluru,suresh.nair729@example.com
730,Karan,Rao,P002,Home,4,13088.52,Net Banking,Mumbai,karan.rao730@example.com
731,Vikram,Iyer,P026,Apparel,10,23547.3,Net Banking,Ahmedabad,vikram.iyer731@example.com
732,Suresh,Reddy,P147,Home,10,41792.7,Cash on Delivery,Hyderabad,suresh.reddy732@example.com
733,Nikhil,Verma,P121,Apparel,3,12024.72,Wallet,Bengaluru,nikhil.verma733@example.com
734,Lakshmi,Das,P184,Grocery,8,38714.8,Cash on Delivery,Ahmedabad,lakshmi.das734@example.com
735,Nikhil,Reddy,P128,Toys,10,20094.0,Wallet,Bengaluru,nikhil.reddy735@example.com
736,Nikhil,Das,P059,Home,1,4326.72,Wallet,Bengaluru,nikhil.das736@example.com
737,Divya,Reddy,P163,Apparel,1,258.88,Debit Card,Hyderabad,divya.reddy737@example.com
738,Priya,Gupta,P010,Books,8,5302.56,Debit Card,Bengaluru,priya.gupta738@example.com
739,Pooja,Singh,P199,Grocery,1,4859.89,Credit Card,Delhi,pooja.singh739.d3@example.com
740,Lakshmi,Reddy,P120,Home,1,4550.54,Wallet,Mumbai,lakshmi.reddy740@example.com
741,Anita,Das,P048,Toys,3,12355.59,Cash on Delivery,Pune,anita.das741@example.com
742,Nikhil,Sharma,P028,Grocery,9,35839.62,Credit Card,Hyderabad,nikhil.sharma742@example.com
743,Rahul,Joshi,P143,Grocery,2,377.14,Credit Card,Chennai,rahul.joshi743@example.com
744,Amit,Khan,P118,Home,7,21973.91,Wallet,Bengaluru,amit.khan744@example.com
745,Suresh,Iyer,P007,Home,3,6359.85,Credit Card,Bengaluru,suresh.iyer745@example.com
746,Sneha,Das,P172,Grocery,7,24577.91,Credit Card,Pune,sneha.das746@example.com
747,Rahul,Joshi,P174,Grocery,10,42080.0,Debit Card,Kolkata,rahul.joshi747@example.com
748,Rohan,Singh,P023,Books,6,2070.18,UPI,Chennai,rohan.singh748@example.com
749,Arjun,Iyer,P038,Toys,8,3473.76,Credit Card,Mumbai,arjun.iyer749@example.com
750,Sneha,Verma,P020,Books,1,2877.46,Wallet,Bengaluru,sneha.verma750@example.com
751,Suresh,Gupta,P134,Grocery,7,21541.03,Cash on Delivery,Bengaluru,suresh.gupta751@example.com
752,Amit,Sharma,P195,Toys,2,279.02,Wallet,Hyderabad,amit.sharma752@example.com
753,Pooja,Sharma,P172,Grocery,3,10533.39,Debit Card,Chennai,pooja.sharma753.d2@example.com
754,Vikram,Singh,P114,Toys,5,24703.95,UPI,Pune,vikram.singh754@example.com
755,Nikhil,Reddy,P008,Grocery,6,2994.18,Debit Card,Ahmedabad,nikhil.reddy755@example.com
756,Arjun,Singh,P042,Books,8,31956.96,Debit Card,Hyderabad,arjun.singh756@example.com
757,Amit,Rao,P106,Grocery,7,28280.63,Debit Card,Pune,amit.rao757@example.com
758,Divya,Rao,P085,Grocery,1,3089.64,Credit Card,Delhi,divya.rao758@example.com
759,Arjun,Gupta,P027,Home,1,1839.83,Wallet,Pune,arjun.gupta759@example.com
760,Sneha,Nair,P094,Toys,2,1698.24,Debit Card,Bengaluru,sneha.nair760@example.com
761,Divya,Gupta,P136,Toys,1,4690.46,Cash on Delivery,Delhi,divya.gupta761.d2@example.com
762,Karan,Singh,P166,Electronics,4,8976.32,Credit Card,Chennai,karan.singh762@example.com
763,Anita,Das,P111,Apparel,2,4775.18,Net Banking,Delhi,anita.das763@example.com
764,Nikhil,Iyer,P177,Electronics,5,16861.1,UPI,Chennai,nikhil.iyer764@example.com
765,Karan,Verma,P008,Grocery,2,998.06,UPI,Mumbai,karan.verma765@example.com
766,Rahul,Joshi,P168,Books,2,5170.4,Net Banking,Chennai,rahul.joshi766@example.com
767,Rahul,Khan,P020,Books,10,28774.6,Credit Card,Mumbai,rahul.khan767.d2@example.com
768,Vikram,Khan,P093,Toys,2,2721.1,Credit Card,Ahmedabad,vikram.khan768@example.com
769,Rohan,Nair,P166,Electronics,9,20196.72,Debit Card,Mumbai,rohan.nair769@example.com
770,Nikhil,Gupta,P066,Books,5,4763.0,Wallet,Delhi,nikhil.gupta770@example.com
771,Suresh,Rao,P114,Toys,2,9881.58,UPI,Bengaluru,suresh.rao771@example.com
772,Divya,Reddy,P008,Grocery,7,3493.21,Debit Card,Pune,divya.reddy772@example.com
773,Rohan,Das,P172,Grocery,6,21066.78,Credit Card,Bengaluru,rohan.das773@example.com
774,Anita,Verma,P019,Toys,2,1889.2,Wallet,Chennai,anita.verma774@example.com
775,Anita,Sharma,P170,Books,5,13448.8,Debit Card,Ahmedabad,anita.sharma775@example.com
776,Nikhil,Singh,P025,Books,1,2166.58,Wallet,Mumbai,nikhil.singh776@example.com
777,Divya,Sharma,P146,Apparel,10,13338.6,Credit Card,Chennai,divya.sharma777@example.com
778,Vikram,Rao,P004,Electronics,5,9300.8,UPI,Delhi,vikram.rao778@example.com
779,Rohan,Rao,P036,Apparel,6,4813.92,UPI,Delhi,rohan.rao779@example.com
780,Divya,Patel,P134,Grocery,2,6154.58,UPI,Mumbai,divya.patel780@example.com
781,Divya,Verma,P196,Apparel,1,2611.3,Debit Card,Bengaluru,divya.verma781@example.com
782,Kavya,Iyer,P196,Apparel,7,18279.1,Wallet,Ahmedabad,kavya.iyer782@example.com
783,Priya,Reddy,P068,Home,1,2696.23,Wallet,Kolkata,priya.reddy783@example.com
784,Meera,Sharma,P095,Electronics,10,10658.1,Net Banking,Delhi,meera.sharma784@example.com
785,Sneha,Nair,P125,Home,2,8901.2,Cash on Delivery,Ahmedabad,sneha.nair785@example.com
786,Sneha,Nair,P024,Grocery,7,17550.75,Net Banking,Delhi,sneha.nair786@example.com
787,Suresh,Sharma,P060,Apparel,7,24826.62,Credit Card,Bengaluru,suresh.sharma787@example.com
788,Kavya,Nair,P018,Books,5,7884.95,Net Banking,Bengaluru,kavya.nair788@example.com
789,Priya,Reddy,P087,Apparel,9,27281.52,Cash on Delivery,Bengaluru,priya.reddy789@example.com
790,Nikhil,Reddy,P124,Toys,4,15052.8,Credit Card,Kolkata,nikhil.reddy790@example.com
791,Divya,Khan,P135,Books,1,4902.51,Debit Card,Pune,divya.khan791@example.com
792,Rahul,Nair,P055,Grocery,2,4039.18,UPI,Ahmedabad,rahul.nair792@example.com
793,Rahul,Nair,P118,Home,3,9417.39,Wallet,Pune,rahul.nair793@example.com
794,Rohan,Verma,P026,Apparel,5,11773.65,UPI,Bengaluru,rohan.verma794@example.com
795,Lakshmi,Singh,P031,Books,8,20006.64,Debit Card,Hyderabad,lakshmi.singh795@example.com
796,Amit,Verma,P161,Electronics,9,39797.82,Net Banking,Hyderabad,amit.verma796@example.com
797,Lakshmi,Verma,P138,Grocery,4,623.64,Cash on Delivery,Delhi,lakshmi.verma797@example.com
798,Vikram,Gupta,P167,Books,6,29208.78,UPI,Hyderabad,vikram.gupta798@example.com
799,Divya,Sharma,P095,Electronics,3,3197.43,Cash on Delivery,Ahmedabad,divya.sharma799@example.com
800,Suresh,Iyer,P186,Electronics,2,4042.74,Credit Card,Chennai,suresh.iyer800@example.com
801,Karan,Singh,P113,Apparel,3,6791.34,Wallet,Pune,karan.singh801@example.com
802,Rahul,Gupta,P150,Toys,4,11750.32,Credit Card,Delhi,rahul.gupta802@example.com
803,Lakshmi,Iyer,P004,Electronics,6,11160.96,Credit Card,Ahmedabad,lakshmi.iyer803@example.com
804,Lakshmi,Verma,P096,Books,9,16566.03,Debit Card,Bengaluru,lakshmi.verma804@example.com
805,Karan,Singh,P050,Toys,8,14141.44,Net Banking,Chennai,karan.singh805@example.com
806,Priya,Gupta,P058,Apparel,6,26536.5,Debit Card,Pune,priya.gupta806@example.com
807,Kavya,Patel,P106,Grocery,1,4040.09,Debit Card,Hyderabad,kavya.patel807@example.com
808,Rohan,Das,P040,Apparel,10,17336.1,Net Banking,Ahmedabad,rohan.das808@example.com
809,Nikhil,Patel,P144,Grocery,9,13501.62,UPI,Bengaluru,nikhil.patel809@example.com
810,Rohan,Gupta,P144,Grocery,2,3000.36,Debit Card,Delhi,rohan.gupta810.d2@example.com
811,Arjun,Sharma,P134,Grocery,3,9231.87,Debit Card,Bengaluru,arjun.sharma811@example.com
812,Rahul,Das,P109,Home,3,5430.09,Net Banking,Kolkata,rahul.das812@example.com
813,Divya,Patel,P065,Grocery,10,1097.1,Wallet,Chennai,divya.patel813@example.com
814,Sneha,Sharma,P183,Grocery,7,9120.16,Net Banking,Mumbai,sneha.sharma814@example.com
815,Rahul,Singh,P005,Electronics,5,22765.2,Debit Card,Delhi,rahul.singh815@example.com
816,Nikhil,Singh,P108,Grocery,2,2079.18,Wallet,Mumbai,nikhil.singh816@example.com
817,Lakshmi,Verma,P115,Apparel,4,1794.64,Cash on Delivery,Pune,lakshmi.verma817@example.com
818,Karan,Gupta,P134,Grocery,9,27695.61,Credit Card,Chennai,karan.gupta818@example.com
819,Anita,Joshi,P147,Home,7,29254.89,UPI,Bengaluru,anita.joshi819@example.com
820,Rohan,Verma,P106,Grocery,6,24240.54,Credit Card,Hyderabad,rohan.verma820@example.com
821,Karan,Verma,P160,Books,8,22395.52,UPI,Hyderabad,karan.verma821@example.com
822,Arjun,Verma,P114,Toys,8,39526.32,Wallet,Delhi,arjun.verma822@example.com
823,Divya,Gupta,P120,Home,6,27303.24,Credit Card,Bengaluru,divya.gupta823@example.com
824,Nikhil,Patel,P139,Toys,7,22861.23,Net Banking,Bengaluru,nikhil.patel824@example.com
825,Nikhil,Verma,P095,Electronics,6,6394.86,Net Banking,Pune,nikhil.verma825@example.com
826,Karan,Singh,P033,Apparel,4,12257.4,Credit Card,Hyderabad,karan.singh826@example.com
827,Nikhil,Das,P131,Grocery,3,14897.73,Net Banking,Mumbai,nikhil.das827@example.com
828,Suresh,Rao,P121,Apparel,10,40082.4,Cash on Delivery,Pune,suresh.rao828@example.com
829,Arjun,Patel,P089,Home,5,24829.3,Net Banking,Hyderabad,arjun.patel829.d2@example.com
830,Nikhil,Rao,P174,Grocery,3,12624.0,Credit Card,Chennai,nikhil.rao830@example.com
831,Divya,Joshi,P141,Grocery,4,8789.44,Cash on Delivery,Bengaluru,divya.joshi831@example.com
832,Rohan,Patel,P095,Electronics,5,5329.05,Credit Card,Ahmedabad,rohan.patel832@example.com
833,Priya,Iyer,P171,Home,10,25633.7,Credit Card,Kolkata,priya.iyer833@example.com
834,Rohan,Sharma,P186,Electronics,9,18192.33,Credit Card,Hyderabad,rohan.sharma834@example.com
835,Divya,Sharma,P045,Toys,2,743.5,Debit Card,Bengaluru,divya.sharma835.d2@example.com
836,Divya,Sharma,P045,Toys,5,1858.75,Credit Card,Mumbai,divya.sharma836@example.com
837,Karan,Patel,P022,Books,2,7149.9,UPI,Pune,karan.patel837@example.com
838,Kavya,Rao,P019,Toys,9,8501.4,UPI,Bengaluru,kavya.rao838.d3@example.com
839,Rohan,Rao,P192,Apparel,8,4050.88,Debit Card,Mumbai,rohan.rao839@example.com
840,Rohan,Reddy,P068,Home,3,8088.69,Credit Card,Hyderabad,rohan.reddy840@example.com
841,Vikram,Joshi,P179,Toys,5,7743.8,UPI,Pune,vikram.joshi841@example.com
842,Vikram,Iyer,P129,Home,8,29836.8,Cash on Delivery,Hyderabad,vikram.iyer842@example.com
843,Pooja,Gupta,P193,Apparel,9,1317.96,UPI,Hyderabad,pooja.gupta843@example.com
844,Rahul,Nair,P059,Home,5,21633.6,Credit Card,Mumbai,rahul.nair844@example.com
845,Karan,Joshi,P151,Books,3,6396.33,Net Banking,Ahmedabad,karan.joshi845@example.com
846,Rahul,Verma,P060,Apparel,10,35466.6,Net Banking,Kolkata,rahul.verma846@example.com
847,Karan,Das,P036,Apparel,1,802.32,Debit Card,Mumbai,karan.das847@example.com
848,Divya,Singh,P163,Apparel,8,2071.04,Cash on Delivery,Kolkata,divya.singh848@example.com
849,Arjun,Joshi,P134,Grocery,9,27695.61,Credit Card,Hyderabad,arjun.joshi849@example.com
850,Divya,Khan,P059,Home,1,4326.72,UPI,Bengaluru,divya.khan850@example.com
851,Karan,Patel,P164,Electronics,8,20505.44,Debit Card,Chennai,karan.patel851@example.com
852,Vikram,Patel,P170,Books,5,13448.8,Credit Card,Bengaluru,vikram.patel852@example.com
853,Meera,Gupta,P119,Books,6,25260.96,UPI,Kolkata,meera.gupta853@example.com
854,Arjun,Reddy,P015,Electronics,10,28054.9,UPI,Hyderabad,arjun.reddy854@example.com
855,Divya,Patel,P084,Books,9,1586.07,Debit Card,Bengaluru,divya.patel855@example.com
856,Karan,Rao,P119,Books,1,4210.16,Credit Card,Pune,karan.rao856@example.com
857,Meera,Reddy,P176,Home,8,17907.84,Credit Card,Mumbai,meera.reddy857@example.com
858,Pooja,Nair,P160,Books,7,19596.08,Credit Card,Chennai,pooja.nair858@example.com
859,Divya,Nair,P172,Grocery,9,31600.17,UPI,Ahmedabad,divya.nair859@example.com
860,Kavya,Khan,P183,Grocery,7,9120.16,Net Banking,Pune,kavya.khan860@example.com
861,Sneha,Nair,P159,Apparel,1,3427.54,Credit Card,Chennai,sneha.nair861@example.com
862,Vikram,Reddy,P035,Home,1,866.56,Net Banking,Hyderabad,vikram.reddy862@example.com
863,Arjun,Gupta,P077,Toys,2,4064.38,Cash on Delivery,Mumbai,arjun.gupta863@example.com
864,Sneha,Joshi,P038,Toys,7,3039.54,Wallet,Hyderabad,sneha.joshi864@example.com
865,Vikram,Khan,P009,Home,5,1713.0,Credit Card,Mumbai,vikram.khan865.d2@example.com
866,Pooja,Patel,P081,Electronics,3,1670.34,Debit Card,Delhi,pooja.patel866@example.com
867,Arjun,Rao,P100,Electronics,7,24473.19,Credit Card,Bengaluru,arjun.rao867@example.com
868,Sneha,Reddy,P118,Home,9,28252.17,UPI,Chennai,sneha.reddy868@example.com
869,Anita,Das,P122,Electronics,4,16726.04,UPI,Ahmedabad,anita.das869@example.com
870,Vikram,Joshi,P101,Apparel,4,10464.24,Debit Card,Ahmedabad,vikram.joshi870@example.com
871,Arjun,Iyer,P028,Grocery,9,35839.62,Credit Card,Chennai,arjun.iyer871@example.com
872,Vikram,Das,P132,Electronics,8,6385.6,UPI,Pune,vikram.das872@example.com
873,Karan,Verma,P045,Toys,6,2230.5,Net Banking,Hyderabad,karan.verma873@example.com
874,Kavya,Sharma,P001,Apparel,4,18967.72,UPI,Hyderabad,kavya.sharma874@example.com
875,Divya,Rao,P010,Books,6,3976.92,UPI,Pune,divya.rao875@example.com
876,Kavya,Gupta,P078,Grocery,6,2300.22,Net Banking,Chennai,kavya.gupta876@example.com
877,Amit,Verma,P029,Toys,4,15640.64,Net Banking,Bengaluru,amit.verma877@example.com
878,Anita,Patel,P165,Books,1,187.94,UPI,Chennai,anita.patel878@example.com
879,Nikhil,Gupta,P130,Electronics,5,18188.75,Wallet,Delhi,nikhil.gupta879@example.com
880,Arjun,Verma,P062,Home,9,43116.93,Credit Card,Pune,arjun.verma880@example.com
881,Vikram,Joshi,P045,Toys,6,2230.5,Wallet,Hyderabad,vikram.joshi881@example.com
882,Arjun,Nair,P141,Grocery,8,17578.88,Net Banking,Bengaluru,arjun.nair882@example.com
883,Kavya,Iyer,P187,Home,6,5135.04,Credit Card,Mumbai,kavya.iyer883@example.com
884,Amit,Sharma,P031,Books,2,5001.66,Debit Card,Pune,amit.sharma884.d3@example.com
885,Rahul,Nair,P019,Toys,10,9446.0,Wallet,Hyderabad,rahul.nair885@example.com
886,Nikhil,Singh,P051,Home,8,14476.4,Net Banking,Kolkata,nikhil.singh886@example.com
887,Lakshmi,Rao,P080,Electronics,10,17332.7,UPI,Chennai,lakshmi.rao887@example.com
888,Sneha,Das,P190,Books,6,12293.16,Cash on Delivery,Mumbai,sneha.das888@example.com
889,Pooja,Sharma,P124,Toys,8,30105.6,Wallet,Bengaluru,pooja.sharma889@example.com
890,Kavya,Khan,P054,Apparel,4,2760.92,UPI,Mumbai,kavya.khan890@example.com
891,Priya,Nair,P168,Books,10,25852.0,Cash on Delivery,Mumbai,priya.nair891@example.com
892,Pooja,Reddy,P007,Home,3,6359.85,Debit Card,Chennai,pooja.reddy892@example.com
893,Sneha,Iyer,P132,Electronics,6,4789.2,Wallet,Hyderabad,sneha.iyer893@example.com
894,Pooja,Patel,P057,Home,6,12228.84,Net Banking,Mumbai,pooja.patel894@example.com
895,Arjun,Singh,P107,Home,4,14849.48,UPI,Delhi,arjun.singh895@example.com
896,Amit,Verma,P126,Home,9,35605.98,Debit Card,Kolkata,amit.verma896@example.com
897,Anita,Sharma,P144,Grocery,3,4500.54,Wallet,Mumbai,anita.sharma897@example.com
898,Priya,Sharma,P146,Apparel,6,8003.16,Debit Card,Hyderabad,priya.sharma898@example.com
899,Suresh,Patel,P129,Home,4,14918.4,Cash on Delivery,Bengaluru,suresh.patel899@example.com
900,Suresh,Sharma,P037,Home,6,12824.46,Cash on Delivery,Delhi,suresh.sharma900@example.com
901,Rohan,Iyer,P155,Grocery,5,15311.75,Net Banking,Bengaluru,rohan.iyer901@example.com
902,Priya,Reddy,P132,Electronics,8,6385.6,Credit Card,Pune,priya.reddy902@example.com
903,Divya,Khan,P184,Grocery,3,14518.05,UPI,Bengaluru,divya.khan903@example.com
904,Divya,Das,P133,Home,3,12126.54,Debit Card,Bengaluru,divya.das904@example.com
905,Suresh,Joshi,P150,Toys,2,5875.16,Cash on Delivery,Bengaluru,suresh.joshi905@example.com
906,Priya,Nair,P070,Grocery,7,24275.58,Credit Card,Ahmedabad,priya.nair906@example.com
907,Pooja,Patel,P023,Books,2,690.06,UPI,Ahmedabad,pooja.patel907@example.com
908,Arjun,Gupta,P044,Apparel,4,9587.16,Cash on Delivery,Bengaluru,arjun.gupta908.d3@example.com
909,Anita,Gupta,P051,Home,4,7238.2,UPI,Kolkata,anita.gupta909@example.com
910,Anita,Verma,P078,Grocery,5,1916.85,Debit Card,Ahmedabad,anita.verma910@example.com
911,Karan,Das,P022,Books,3,10724.85,UPI,Mumbai,karan.das911@example.com
912,Anita,Gupta,P130,Electronics,5,18188.75,Net Banking,Ahmedabad,anita.gupta912@example.com
913,Lakshmi,Nair,P197,Apparel,10,25857.0,UPI,Ahmedabad,lakshmi.nair913@example.com
914,Lakshmi,Das,P133,Home,4,16168.72,Cash on Delivery,Delhi,lakshmi.das914@example.com
915,Divya,Reddy,P129,Home,3,11188.8,UPI,Kolkata,divya.reddy915@example.com
916,Sneha,Rao,P018,Books,7,11038.93,Wallet,Kolkata,sneha.rao916@example.com
917,Nikhil,Verma,P086,Grocery,6,19141.98,Debit Card,Ahmedabad,nikhil.verma917@example.com
918,Amit,Sharma,P147,Home,9,37613.43,Credit Card,Ahmedabad,amit.sharma918@example.com
919,Nikhil,Gupta,P091,Apparel,9,4276.17,Cash on Delivery,Chennai,nikhil.gupta919@example.com
920,Amit,Verma,P041,Apparel,9,26929.17,Debit Card,Pune,amit.verma920@example.com
921,Arjun,Das,P174,Grocery,10,42080.0,Cash on Delivery,Bengaluru,arjun.das921@example.com
922,Nikhil,Verma,P088,Home,3,1974.21,Debit Card,Chennai,nikhil.verma922@example.com
923,Amit,Das,P030,Electronics,3,8680.2,UPI,Ahmedabad,amit.das923@example.com
924,Rohan,Rao,P113,Apparel,2,4527.56,Cash on Delivery,Hyderabad,rohan.rao924.d3@example.com
925,Arjun,Verma,P090,Home,9,21851.64,Net Banking,Bengaluru,arjun.verma925@example.com
926,Nikhil,Das,P086,Grocery,5,15951.65,Cash on Delivery,Chennai,nikhil.das926@example.com
927,Nikhil,Reddy,P005,Electronics,6,27318.24,UPI,Hyderabad,nikhil.reddy927@example.com
928,Meera,Nair,P071,Books,6,28521.66,Credit Card,Kolkata,meera.nair928@example.com
929,Karan,Iyer,P006,Grocery,2,471.2,Credit Card,Delhi,karan.iyer929@example.com
930,Divya,Iyer,P038,Toys,5,2171.1,Credit Card,Kolkata,divya.iyer930@example.com
931,Sneha,Patel,P068,Home,2,5392.46,Cash on Delivery,Mumbai,sneha.patel931@example.com
932,Pooja,Iyer,P198,Electronics,3,1825.83,Credit Card,Ahmedabad,pooja.iyer932@example.com
933,Pooja,Reddy,P187,Home,7,5990.88,Wallet,Delhi,pooja.reddy933@example.com
934,Meera,Sharma,P153,Grocery,3,7924.08,Credit Card,Hyderabad,meera.sharma934@example.com
935,Priya,Sharma,P042,Books,2,7989.24,UPI,Delhi,priya.sharma935@example.com
936,Anita,Reddy,P029,Toys,8,31281.28,Debit Card,Bengaluru,anita.reddy936@example.com
937,Karan,Rao,P156,Grocery,6,5418.72,Credit Card,Kolkata,karan.rao937@example.com
938,Pooja,Singh,P084,Books,7,1233.61,Net Banking,Bengaluru,pooja.singh938@example.com
939,Anita,Patel,P124,Toys,1,3763.2,Debit Card,Delhi,anita.patel939@example.com
940,Suresh,Khan,P090,Home,10,24279.6,Cash on Delivery,Hyderabad,suresh.khan940@example.com
941,Amit,Nair,P113,Apparel,9,20374.02,Net Banking,Hyderabad,amit.nair941@example.com
942,Nikhil,Khan,P154,Electronics,6,26222.34,Debit Card,Hyderabad,nikhil.khan942@example.com
943,Vikram,Nair,P144,Grocery,9,13501.62,Debit Card,Kolkata,vikram.nair943@example.com
944,Amit,Rao,P041,Apparel,1,2992.13,Net Banking,Bengaluru,amit.rao944@example.com
945,Pooja,Rao,P146,Apparel,7,9337.02,Net Banking,Delhi,pooja.rao945@example.com
946,Karan,Singh,P081,Electronics,2,1113.56,Debit Card,Hyderabad,karan.singh946@example.com
947,Arjun,Verma,P149,Apparel,6,26961.78,Cash on Delivery,Chennai,arjun.verma947@example.com
948,Anita,Das,P157,Home,6,18687.3,Cash on Delivery,Ahmedabad,anita.das948@example.com
949,Lakshmi,Sharma,P071,Books,2,9507.22,Debit Card,Kolkata,lakshmi.sharma949@example.com
950,Pooja,Singh,P195,Toys,2,279.02,Cash on Delivery,Kolkata,pooja.singh950@example.com
951,Rahul,Das,P181,Grocery,1,4700.55,Debit Card,Mumbai,rahul.das951@example.com
952,Sneha,Das,P097,Toys,5,13693.5,Net Banking,Ahmedabad,sneha.das952@example.com
953,Rahul,Joshi,P186,Electronics,5,10106.85,Net Banking,Pune,rahul.joshi953@example.com
954,Lakshmi,Joshi,P025,Books,1,2166.58,UPI,Bengaluru,lakshmi.joshi954@example.com
955,Rohan,Rao,P017,Grocery,5,13632.0,Debit Card,Kolkata,rohan.rao955@example.com
956,Rohan,Nair,P197,Apparel,10,25857.0,Wallet,Pune,rohan.nair956@example.com
957,Sneha,Sharma,P103,Grocery,8,21490.64,Wallet,Delhi,sneha.sharma957@example.com
958,Priya,Das,P174,Grocery,5,21040.0,Cash on Delivery,Delhi,priya.das958@example.com
959,Divya,Singh,P091,Apparel,7,3325.91,Cash on Delivery,Hyderabad,divya.singh959@example.com
960,Amit,Reddy,P114,Toys,8,39526.32,Credit Card,Hyderabad,amit.reddy960@example.com
961,Lakshmi,Joshi,P056,Home,8,3591.04,Wallet,Chennai,lakshmi.joshi961@example.com
962,Anita,Patel,P088,Home,10,6580.7,Wallet,Mumbai,anita.patel962@example.com
963,Rohan,Rao,P166,Electronics,3,6732.24,Debit Card,Delhi,rohan.rao963@example.com
964,Divya,Singh,P058,Apparel,8,35382.0,UPI,Hyderabad,divya.singh964@example.com
965,Meera,Reddy,P057,Home,2,4076.28,Wallet,Kolkata,meera.reddy965@example.com
966,Suresh,Iyer,P137,Grocery,10,27658.7,Credit Card,Kolkata,suresh.iyer966@example.com
967,Priya,Joshi,P121,Apparel,6,24049.44,Net Banking,Bengaluru,priya.joshi967@example.com
968,Lakshmi,Khan,P168,Books,8,20681.6,Debit Card,Chennai,lakshmi.khan968@example.com
969,Sneha,Khan,P042,Books,9,35951.58,UPI,Kolkata,sneha.khan969@example.com
970,Lakshmi,Nair,P043,Electronics,6,25247.04,Credit Card,Chennai,lakshmi.nair970@example.com
971,Sneha,Khan,P145,Grocery,6,22981.26,Net Banking,Pune,sneha.khan971@example.com
972,Sneha,Rao,P042,Books,7,27962.34,Net Banking,Mumbai,sneha.rao972@example.com
973,Meera,Rao,P036,Apparel,8,6418.56,Net Banking,Delhi,meera.rao973@example.com
974,Arjun,Iyer,P081,Electronics,1,556.78,Cash on Delivery,Bengaluru,arjun.iyer974@example.com
975,Kavya,Das,P073,Electronics,8,18483.12,Wallet,Pune,kavya.das975@example.com
976,Anita,Rao,P124,Toys,4,15052.8,Debit Card,Bengaluru,anita.rao976@example.com
977,Divya,Joshi,P077,Toys,5,10160.95,Cash on Delivery,Mumbai,divya.joshi977@example.com
978,Karan,Khan,P108,Grocery,1,1039.59,Credit Card,Bengaluru,karan.khan978@example.com
979,Sneha,Iyer,P132,Electronics,9,7183.8,Wallet,Mumbai,sneha.iyer979@example.com
980,Sneha,Iyer,P176,Home,5,11192.4,Wallet,Hyderabad,sneha.iyer980@example.com
981,Pooja,Reddy,P069,Books,1,2853.39,UPI,Pune,pooja.reddy981@example.com
982,Pooja,Rao,P146,Apparel,1,1333.86,Wallet,Delhi,pooja.rao982@example.com
983,Karan,Patel,P004,Electronics,10,18601.6,Debit Card,Mumbai,karan.patel983@example.com
984,Rohan,Das,P054,Apparel,2,1380.46,Wallet,Pune,rohan.das984@example.com
985,Nikhil,Joshi,P173,Apparel,7,32324.46,Credit Card,Mumbai,nikhil.joshi985@example.com
986,Sneha,Joshi,P153,Grocery,7,18489.52,Net Banking,Hyderabad,sneha.joshi986@example.com
987,Amit,Sharma,P110,Electronics,6,29691.24,Credit Card,Kolkata,amit.sharma987@example.com
988,Nikhil,Patel,P160,Books,9,25194.96,UPI,Pune,nikhil.patel988@example.com
989,Kavya,Rao,P142,Grocery,3,12418.41,UPI,Delhi,kavya.rao989@example.com
990,Vikram,Patel,P042,Books,3,11983.86,Credit Card,Mumbai,vikram.patel990@example.com
991,Sneha,Khan,P041,Apparel,5,14960.65,Net Banking,Kolkata,sneha.khan991@example.com
992,Amit,Joshi,P119,Books,9,37891.44,Credit Card,Bengaluru,amit.joshi992@example.com
993,Divya,Sharma,P109,Home,3,5430.09,Debit Card,Pune,divya.sharma993@example.com
994,Lakshmi,Das,P062,Home,2,9581.54,Net Banking,Kolkata,lakshmi.das994@example.com
995,Priya,Iyer,P086,Grocery,8,25522.64,Net Banking,Hyderabad,priya.iyer995.d2@example.com
996,Divya,Sharma,P116,Electronics,9,10556.01,Cash on Delivery,Delhi,divya.sharma996@example.com
997,Rohan,Reddy,P051,Home,2,3619.1,UPI,Mumbai,rohan.reddy997@example.com
998,Pooja,Singh,P087,Apparel,2,6062.56,Credit Card,Ahmedabad,pooja.singh998@example.com
999,Anita,Singh,P063,Grocery,3,1382.31,Net Banking,Pune,anita.singh999@example.com
1000,Pooja,Patel,P028,Grocery,9,35839.62,Cash on Delivery,Hyderabad,pooja.patel1000@example.com
1001,Divya,Singh,P188,Toys,9,37535.4,Credit Card,Ahmedabad,divya.singh1001@example.com
1002,Vikram,Gupta,P157,Home,10,31145.5,Wallet,Ahmedabad,vikram.gupta1002@example.com
1003,Karan,Iyer,P097,Toys,8,21909.6,UPI,Chennai,karan.iyer1003@example.com
1004,Divya,Patel,P191,Home,9,9170.46,Wallet,Chennai,divya.patel1004@example.com
1005,Divya,Reddy,P102,Grocery,1,1810.7,Debit Card,Ahmedabad,divya.reddy1005@example.com
1006,Kavya,Khan,P095,Electronics,8,8526.48,Net Banking,Hyderabad,kavya.khan1006@example.com
1007,Nikhil,Iyer,P160,Books,6,16796.64,Debit Card,Pune,nikhil.iyer1007@example.com
1008,Anita,Khan,P128,Toys,7,14065.8,Debit Card,Kolkata,anita.khan1008@example.com
1009,Karan,Iyer,P048,Toys,8,32948.24,Wallet,Bengaluru,karan.iyer1009@example.com
1010,Sneha,Singh,P091,Apparel,10,4751.3,UPI,Pune,sneha.singh1010@example.com
1011,Lakshmi,Singh,P163,Apparel,2,517.76,Net Banking,Bengaluru,lakshmi.singh1011@example.com
1012,Amit,Singh,P081,Electronics,7,3897.46,UPI,Delhi,amit.singh1012@example.com
1013,Vikram,Joshi,P142,Grocery,9,37255.23,Debit Card,Chennai,vikram.joshi1013@example.com
1014,Pooja,Nair,P173,Apparel,2,9235.56,Net Banking,Kolkata,pooja.nair1014@example.com
1015,Vikram,Gupta,P049,Apparel,2,7194.62,Debit Card,Delhi,vikram.gupta1015@example.com
1016,Pooja,Gupta,P082,Books,4,3195.04,UPI,Delhi,pooja.gupta1016@example.com
1017,Karan,Patel,P026,Apparel,3,7064.19,Net Banking,Bengaluru,karan.patel1017@example.com
1018,Lakshmi,Reddy,P113,Apparel,9,20374.02,Credit Card,Bengaluru,lakshmi.reddy1018@example.com
1019,Sneha,Khan,P114,Toys,1,4940.79,Net Banking,Bengaluru,sneha.khan1019@example.com
1020,Divya,Das,P200,Electronics,5,2330.5,Debit Card,Pune,divya.das1020@example.com
1021,Lakshmi,Reddy,P096,Books,2,3681.34,Wallet,Delhi,lakshmi.reddy1021@example.com
1022,Vikram,Singh,P177,Electronics,5,16861.1,Cash on Delivery,Mumbai,vikram.singh1022@example.com
1023,Priya,Iyer,P016,Grocery,10,14835.7,Debit Card,Bengaluru,priya.iyer1023@example.com
1024,Rohan,Reddy,P022,Books,5,17874.75,UPI,Ahmedabad,rohan.reddy1024@example.com
1025,Amit,Singh,P047,Toys,5,14554.15,Net Banking,Bengaluru,amit.singh1025@example.com
1026,Pooja,Reddy,P096,Books,4,7362.68,Debit Card,Hyderabad,pooja.reddy1026@example.com
1027,Sneha,Nair,P030,Electronics,6,17360.4,Wallet,Ahmedabad,sneha.nair1027@example.com
1028,Divya,Iyer,P200,Electronics,1,466.1,Wallet,Hyderabad,divya.iyer1028@example.com
1029,Pooja,Verma,P081,Electronics,7,3897.46,Cash on Delivery,Kolkata,pooja.verma1029@example.com
1030,Pooja,Reddy,P058,Apparel,5,22113.75,Cash on Delivery,Ahmedabad,pooja.reddy1030@example.com
1031,Lakshmi,Singh,P174,Grocery,7,29456.0,Debit Card,Kolkata,lakshmi.singh1031@example.com
1032,Priya,Khan,P105,Grocery,4,12341.92,Debit Card,Ahmedabad,priya.khan1032@example.com
1033,Sneha,Reddy,P148,Electronics,4,18218.32,Wallet,Pune,sneha.reddy1033@example.com
1034,Amit,Singh,P111,Apparel,1,2387.59,Wallet,Ahmedabad,amit.singh1034@example.com
1035,Karan,Nair,P162,Electronics,3,3840.15,Debit Card,Chennai,karan.nair1035@example.com
1036,Vikram,Verma,P112,Grocery,4,13911.92,Net Banking,Hyderabad,vikram.verma1036@example.com
1037,Amit,Gupta,P169,Toys,5,7110.35,Net Banking,Pune,amit.gupta1037@example.com
1038,Divya,Rao,P134,Grocery,10,30772.9,Credit Card,Delhi,divya.rao1038@example.com
1039,Meera,Sharma,P013,Books,2,5896.86,UPI,Pune,meera.sharma1039.d3@example.com
1040,Sneha,Reddy,P140,Books,3,11280.03,Wallet,Mumbai,sneha.reddy1040@example.com
1041,Kavya,Joshi,P077,Toys,1,2032.19,Debit Card,Kolkata,kavya.joshi1041@example.com
1042,Pooja,Reddy,P163,Apparel,9,2329.92,Credit Card,Ahmedabad,pooja.reddy1042@example.com
1043,Suresh,Gupta,P077,Toys,8,16257.52,Credit Card,Kolkata,suresh.gupta1043@example.com
1044,Karan,Rao,P059,Home,7,30287.04,Net Banking,Kolkata,karan.rao1044@example.com
1045,Rohan,Reddy,P101,Apparel,9,23544.54,Cash on Delivery,Hyderabad,rohan.reddy1045@example.com
1046,Rohan,Iyer,P167,Books,8,38945.04,Debit Card,Ahmedabad,rohan.iyer1046@example.com
1047,Rohan,Rao,P100,Electronics,10,34961.7,Debit Card,Delhi,rohan.rao1047@example.com
1048,Rohan,Iyer,P109,Home,3,5430.09,Credit Card,Hyderabad,rohan.iyer1048@example.com
1049,Priya,Das,P107,Home,2,7424.74,Net Banking,Chennai,priya.das1049@example.com
1050,Rahul,Reddy,P151,Books,8,17056.88,Credit Card,Kolkata,rahul.reddy1050@example.com
1051,Amit,Gupta,P078,Grocery,9,3450.33,UPI,Delhi,amit.gupta1051@example.com
1052,Amit,Sharma,P122,Electronics,2,8363.02,Debit Card,Bengaluru,amit.sharma1052@example.com
1053,Rahul,Khan,P164,Electronics,2,5126.36,Debit Card,Mumbai,rahul.khan1053@example.com
1054,Pooja,Nair,P036,Apparel,5,4011.6,UPI,Bengaluru,pooja.nair1054@example.com
1055,Sneha,Khan,P081,Electronics,1,556.78,Wallet,Kolkata,sneha.khan1055@example.com
1056,Priya,Reddy,P079,Grocery,10,22311.0,Credit Card,Kolkata,priya.reddy1056@example.com
1057,Karan,Das,P017,Grocery,10,27264.0,Wallet,Chennai,karan.das1057@example.com
1058,Meera,Patel,P174,Grocery,8,33664.0,Cash on Delivery,Kolkata,meera.patel1058@example.com
1059,Suresh,Das,P006,Grocery,5,1178.0,UPI,Chennai,suresh.das1059@example.com
1060,Rahul,Reddy,P141,Grocery,5,10986.8,Cash on Delivery,Ahmedabad,rahul.reddy1060@example.com
1061,Kavya,Reddy,P088,Home,4,2632.28,UPI,Chennai,kavya.reddy1061@example.com
1062,Kavya,Iyer,P185,Grocery,5,18730.4,Net Banking,Mumbai,kavya.iyer1062@example.com
1063,Divya,Gupta,P153,Grocery,10,26413.6,Net Banking,Chennai,divya.gupta1063@example.com
1064,Vikram,Khan,P157,Home,4,12458.2,Wallet,Delhi,vikram.khan1064@example.com
1065,Rahul,Singh,P143,Grocery,1,188.57,Wallet,Delhi,rahul.singh1065@example.com
1066,Karan,Gupta,P093,Toys,5,6802.75,Net Banking,Delhi,karan.gupta1066@example.com
1067,Meera,Verma,P183,Grocery,2,2605.76,Credit Card,Delhi,meera.verma1067@example.com
1068,Pooja,Sharma,P122,Electronics,9,37633.59,Debit Card,Kolkata,pooja.sharma1068@example.com
1069,Karan,Rao,P101,Apparel,7,18312.42,Wallet,Chennai,karan.rao1069@example.com
1070,Nikhil,Khan,P104,Books,10,16818.4,Net Banking,Bengaluru,nikhil.khan1070@example.com
1071,Arjun,Khan,P100,Electronics,3,10488.51,Net Banking,Hyderabad,arjun.khan1071@example.com
1072,Rahul,Joshi,P021,Grocery,4,7573.48,Cash on Delivery,Delhi,rahul.joshi1072@example.com
1073,Suresh,Nair,P093,Toys,5,6802.75,UPI,Chennai,suresh.nair1073@example.com
1074,Anita,Khan,P154,Electronics,6,26222.34,Wallet,Delhi,anita.khan1074@example.com
1075,Vikram,Das,P044,Apparel,2,4793.58,Cash on Delivery,Bengaluru,vikram.das1075@example.com
1076,Sneha,Khan,P123,Electronics,6,27320.4,Debit Card,Delhi,sneha.khan1076@example.com
1077,Divya,Rao,P184,Grocery,9,43554.15,UPI,Chennai,divya.rao1077@example.com
1078,Karan,Gupta,P022,Books,5,17874.75,Credit Card,Kolkata,karan.gupta1078@example.com
1079,Suresh,Sharma,P057,Home,7,14266.98,Net Banking,Kolkata,suresh.sharma1079@example.com
1080,Divya,Gupta,P001,Apparel,2,9483.86,UPI,Bengaluru,divya.gupta1080@example.com
1081,Sneha,Nair,P007,Home,10,21199.5,Wallet,Kolkata,sneha.nair1081@example.com
1082,Rahul,Iyer,P149,Apparel,9,40442.67,Net Banking,Chennai,rahul.iyer1082@example.com
1083,Kavya,Das,P055,Grocery,1,2019.59,Credit Card,Mumbai,kavya.das1083@example.com
1084,Amit,Verma,P196,Apparel,3,7833.9,Wallet,Ahmedabad,amit.verma1084@example.com
1085,Nikhil,Patel,P141,Grocery,3,6592.08,Cash on Delivery,Ahmedabad,nikhil.patel1085@example.com
1086,Nikhil,Patel,P069,Books,6,17120.34,Debit Card,Mumbai,nikhil.patel1086@example.com
1087,Arjun,Das,P182,Toys,10,33182.7,Net Banking,Bengaluru,arjun.das1087@example.com
1088,Arjun,Sharma,P075,Home,10,20204.4,Cash on Delivery,Pune,arjun.sharma1088@example.com
1089,Priya,Rao,P130,Electronics,2,7275.5,UPI,Chennai,priya.rao1089@example.com
1090,Pooja,Khan,P170,Books,5,13448.8,Net Banking,Ahmedabad,pooja.khan1090@example.com
1091,Arjun,Reddy,P119,Books,8,33681.28,Credit Card,Delhi,arjun.reddy1091@example.com
1092,Vikram,Iyer,P030,Electronics,4,11573.6,Debit Card,Bengaluru,vikram.iyer1092@example.com
1093,Karan,Rao,P127,Apparel,6,2876.46,Wallet,Ahmedabad,karan.rao1093.d3@example.com
1094,Anita,Sharma,P124,Toys,1,3763.2,Debit Card,Ahmedabad,anita.sharma1094@example.com
1095,Suresh,Sharma,P020,Books,2,5754.92,Credit Card,Ahmedabad,suresh.sharma1095@example.com
1096,Rahul,Gupta,P191,Home,4,4075.76,Debit Card,Delhi,rahul.gupta1096@example.com
1097,Pooja,Iyer,P200,Electronics,1,466.1,Credit Card,Chennai,pooja.iyer1097.d3@example.com
1098,Pooja,Gupta,P162,Electronics,8,10240.4,Credit Card,Hyderabad,pooja.gupta1098@example.com
1099,Pooja,Iyer,P083,Electronics,1,4747.3,Debit Card,Pune,pooja.iyer1099@example.com
1100,Sneha,Sharma,P004,Electronics,1,1860.16,Net Banking,Mumbai,sneha.sharma1100.d3@example.com
1101,Kavya,Reddy,P179,Toys,8,12390.08,Cash on Delivery,Kolkata,kavya.reddy1101@example.com
1102,Amit,Gupta,P149,Apparel,6,26961.78,Wallet,Chennai,amit.gupta1102@example.com
1103,Rahul,Nair,P105,Grocery,10,30854.8,Cash on Delivery,Kolkata,rahul.nair1103@example.com
1104,Sneha,Gupta,P027,Home,8,14718.64,Wallet,Mumbai,sneha.gupta1104@example.com
1105,Amit,Reddy,P128,Toys,7,14065.8,Wallet,Ahmedabad,amit.reddy1105@example.com
1106,Priya,Das,P197,Apparel,5,12928.5,Net Banking,Chennai,priya.das1106@example.com
1107,Lakshmi,Iyer,P172,Grocery,1,3511.13,UPI,Ahmedabad,lakshmi.iyer1107@example.com
1108,Meera,Verma,P097,Toys,2,5477.4,Cash on Delivery,Hyderabad,meera.verma1108@example.com
1109,Divya,Das,P085,Grocery,5,15448.2,Net Banking,Hyderabad,divya.das1109@example.com
1110,Vikram,Das,P111,Apparel,8,19100.72,Wallet,Ahmedabad,vikram.das1110@example.com
1111,Priya,Joshi,P078,Grocery,9,3450.33,UPI,Hyderabad,priya.joshi1111@example.com
1112,Priya,Iyer,P038,Toys,6,2605.32,Debit Card,Delhi,priya.iyer1112@example.com
1113,Nikhil,Iyer,P068,Home,4,10784.92,Wallet,Pune,nikhil.iyer1113@example.com
1114,Vikram,Reddy,P158,Electronics,10,28045.5,Debit Card,Ahmedabad,vikram.reddy1114@example.com
1115,Kavya,Patel,P133,Home,7,28295.26,Net Banking,Delhi,kavya.patel1115@example.com
1116,Kavya,Sharma,P143,Grocery,9,1697.13,Net Banking,Chennai,kavya.sharma1116@example.com
1117,Sneha,Patel,P127,Apparel,1,479.41,Credit Card,Kolkata,sneha.patel1117@example.com
1118,Arjun,Rao,P141,Grocery,2,4394.72,Credit Card,Delhi,arjun.rao1118@example.com
1119,Meera,Khan,P098,Electronics,3,11408.43,Wallet,Hyderabad,meera.khan1119@example.com
1120,Suresh,Khan,P149,Apparel,2,8987.26,Debit Card,Ahmedabad,suresh.khan1120@example.com
1121,Vikram,Singh,P031,Books,4,10003.32,Debit Card,Hyderabad,vikram.singh1121@example.com
1122,Sneha,Patel,P014,Electronics,5,24412.3,Net Banking,Pune,sneha.patel1122@example.com
1123,Arjun,Joshi,P034,Electronics,3,1903.29,Wallet,Kolkata,arjun.joshi1123@example.com
1124,Suresh,Singh,P176,Home,3,6715.44,UPI,Delhi,suresh.singh1124@example.com
1125,Kavya,Patel,P035,Home,10,8665.6,Debit Card,Hyderabad,kavya.patel1125@example.com
1126,Karan,Singh,P173,Apparel,2,9235.56,Credit Card,Chennai,karan.singh1126@example.com
1127,Meera,Verma,P083,Electronics,2,9494.6,Net Banking,Delhi,meera.verma1127@example.com
1128,Rahul,Rao,P114,Toys,2,9881.58,Net Banking,Delhi,rahul.rao1128@example.com
1129,Rahul,Sharma,P042,Books,4,15978.48,Credit Card,Kolkata,rahul.sharma1129@example.com
1130,Divya,Nair,P022,Books,3,10724.85,Wallet,Hyderabad,divya.nair1130@example.com
1131,Sneha,Sharma,P105,Grocery,9,27769.32,Net Banking,Pune,sneha.sharma1131@example.com
1132,Pooja,Joshi,P052,Books,4,2518.48,UPI,Ahmedabad,pooja.joshi1132@example.com
1133,Vikram,Gupta,P137,Grocery,6,16595.22,Credit Card,Chennai,vikram.gupta1133@example.com
1134,Meera,Joshi,P108,Grocery,5,5197.95,Credit Card,Bengaluru,meera.joshi1134@example.com
1135,Suresh,Singh,P112,Grocery,6,20867.88,Debit Card,Ahmedabad,suresh.singh1135@example.com
1136,Rahul,Reddy,P078,Grocery,7,2683.59,Net Banking,Mumbai,rahul.reddy1136@example.com
1137,Pooja,Singh,P146,Apparel,8,10670.88,Net Banking,Chennai,pooja.singh1137@example.com
1138,Divya,Khan,P102,Grocery,2,3621.4,Wallet,Delhi,divya.khan1138@example.com
1139,Karan,Sharma,P131,Grocery,7,34761.37,UPI,Ahmedabad,karan.sharma1139@example.com
1140,Sneha,Khan,P088,Home,7,4606.49,Wallet,Mumbai,sneha.khan1140@example.com
1141,Meera,Gupta,P101,Apparel,3,7848.18,Cash on Delivery,Delhi,meera.gupta1141@example.com
1142,Suresh,Nair,P074,Toys,6,23996.82,UPI,Ahmedabad,suresh.nair1142@example.com
1143,Vikram,Patel,P157,Home,10,31145.5,UPI,Hyderabad,vikram.patel1143@example.com
1144,Rohan,Khan,P106,Grocery,1,4040.09,Net Banking,Pune,rohan.khan1144@example.com
1145,Amit,Nair,P055,Grocery,7,14137.13,Net Banking,Bengaluru,amit.nair1145.d3@example.com
1146,Rahul,Verma,P179,Toys,2,3097.52,Debit Card,Chennai,rahul.verma1146@example.com
1147,Pooja,Rao,P097,Toys,4,10954.8,Cash on Delivery,Ahmedabad,pooja.rao1147@example.com
1148,Kavya,Gupta,P163,Apparel,7,1812.16,Credit Card,Bengaluru,kavya.gupta1148@example.com
1149,Sneha,Das,P018,Books,5,7884.95,Wallet,Ahmedabad,sneha.das1149.d3@example.com
1150,Kavya,Das,P195,Toys,7,976.57,Wallet,Delhi,kavya.das1150@example.com
1151,Pooja,Rao,P062,Home,10,47907.7,UPI,Kolkata,pooja.rao1151@example.com
1152,Suresh,Sharma,P081,Electronics,8,4454.24,Net Banking,Bengaluru,suresh.sharma1152@example.com
1153,Anita,Sharma,P170,Books,1,2689.76,UPI,Chennai,anita.sharma1153@example.com
1154,Divya,Nair,P021,Grocery,4,7573.48,UPI,Ahmedabad,divya.nair1154@example.com
1155,Rahul,Sharma,P138,Grocery,7,1091.37,Wallet,Mumbai,rahul.sharma1155@example.com
1156,Rahul,Gupta,P045,Toys,4,1487.0,Debit Card,Chennai,rahul.gupta1156@example.com
1157,Vikram,Khan,P093,Toys,2,2721.1,UPI,Kolkata,vikram.khan1157@example.com
1158,Priya,Reddy,P058,Apparel,2,8845.5,Net Banking,Pune,priya.reddy1158@example.com
1159,Rohan,Rao,P009,Home,7,2398.2,Net Banking,Bengaluru,rohan.rao1159@example.com
1160,Suresh,Patel,P069,Books,3,8560.17,Debit Card,Ahmedabad,suresh.patel1160@example.com
1161,Vikram,Das,P184,Grocery,6,29036.1,Wallet,Kolkata,vikram.das1161@example.com
1162,Rahul,Iyer,P196,Apparel,9,23501.7,UPI,Pune,rahul.iyer1162@example.com
1163,Divya,Verma,P173,Apparel,5,23088.9,Credit Card,Pune,divya.verma1163@example.com
1164,Arjun,Sharma,P099,Apparel,4,19574.32,Credit Card,Ahmedabad,arjun.sharma1164@example.com
1165,Kavya,Singh,P177,Electronics,7,23605.54,Net Banking,Bengaluru,kavya.singh1165@example.com
1166,Meera,Iyer,P147,Home,4,16717.08,Wallet,Pune,meera.iyer1166@example.com
1167,Kavya,Joshi,P144,Grocery,8,12001.44,Net Banking,Mumbai,kavya.joshi1167@example.com
1168,Amit,Das,P003,Electronics,10,41153.1,Cash on Delivery,Kolkata,amit.das1168@example.com
1169,Lakshmi,Iyer,P162,Electronics,6,7680.3,Net Banking,Bengaluru,lakshmi.iyer1169@example.com
1170,Lakshmi,Iyer,P126,Home,1,3956.22,UPI,Ahmedabad,lakshmi.iyer1170@example.com
1171,Rohan,Singh,P200,Electronics,1,466.1,Wallet,Delhi,rohan.singh1171@example.com
1172,Karan,Singh,P163,Apparel,8,2071.04,Cash on Delivery,Ahmedabad,karan.singh1172@example.com
1173,Karan,Singh,P154,Electronics,3,13111.17,Net Banking,Pune,karan.singh1173@example.com
1174,Meera,Rao,P006,Grocery,2,471.2,Wallet,Bengaluru,meera.rao1174@example.com
1175,Anita,Gupta,P148,Electronics,3,13663.74,Wallet,Chennai,anita.gupta1175@example.com
1176,Vikram,Reddy,P030,Electronics,6,17360.4,Debit Card,Chennai,vikram.reddy1176@example.com
1177,Pooja,Singh,P195,Toys,9,1255.59,Wallet,Ahmedabad,pooja.singh1177@example.com
1178,Arjun,Singh,P073,Electronics,7,16172.73,Wallet,Hyderabad,arjun.singh1178.d3@example.com
1179,Divya,Rao,P057,Home,6,12228.84,Debit Card,Mumbai,divya.rao1179.d3@example.com
1180,Amit,Joshi,P068,Home,6,16177.38,Wallet,Chennai,amit.joshi1180@example.com
1181,Rohan,Patel,P073,Electronics,1,2310.39,Debit Card,Pune,rohan.patel1181@example.com
1182,Arjun,Reddy,P030,Electronics,6,17360.4,Cash on Delivery,Delhi,arjun.reddy1182@example.com
1183,Rahul,Das,P110,Electronics,6,29691.24,Net Banking,Ahmedabad,rahul.das1183.d3@example.com
1184,Priya,Rao,P079,Grocery,6,13386.6,Net Banking,Chennai,priya.rao1184@example.com
1185,Lakshmi,Nair,P144,Grocery,3,4500.54,UPI,Delhi,lakshmi.nair1185@example.com
1186,Sneha,Iyer,P063,Grocery,5,2303.85,Debit Card,Bengaluru,sneha.iyer1186@example.com
1187,Divya,Patel,P009,Home,4,1370.4,Cash on Delivery,Ahmedabad,divya.patel1187@example.com
1188,Kavya,Verma,P090,Home,8,19423.68,Credit Card,Bengaluru,kavya.verma1188@example.com
1189,Pooja,Khan,P171,Home,4,10253.48,Net Banking,Bengaluru,pooja.khan1189@example.com
1190,Priya,Reddy,P012,Books,6,28446.96,UPI,Pune,priya.reddy1190@example.com
1191,Vikram,Khan,P031,Books,8,20006.64,Cash on Delivery,Delhi,vikram.khan1191@example.com
1192,Vikram,Gupta,P162,Electronics,2,2560.1,Debit Card,Chennai,vikram.gupta1192.d3@example.com
1193,Arjun,Nair,P056,Home,10,4488.8,Credit Card,Ahmedabad,arjun.nair1193@example.com
1194,Karan,Rao,P087,Apparel,7,21218.96,Credit Card,Ahmedabad,karan.rao1194@example.com
1195,Karan,Khan,P126,Home,4,15824.88,Cash on Delivery,Mumbai,karan.khan1195@example.com
1196,Divya,Das,P177,Electronics,8,26977.76,Credit Card,Pune,divya.das1196@example.com
1197,Karan,Khan,P039,Books,2,5772.96,Wallet,Pune,karan.khan1197@example.com
1198,Pooja,Reddy,P093,Toys,2,2721.1,Cash on Delivery,Chennai,pooja.reddy1198.d3@example.com
1199,Suresh,Nair,P077,Toys,7,14225.33,UPI,Pune,suresh.nair1199@example.com
1200,Amit,Iyer,P078,Grocery,9,3450.33,Net Banking,Delhi,amit.iyer1200@example.com
1201,Kavya,Verma,P021,Grocery,4,7573.48,Cash on Delivery,Kolkata,kavya.verma1201@example.com
1202,Rahul,Khan,P049,Apparel,2,7194.62,Wallet,Hyderabad,rahul.khan1202@example.com
1203,Amit,Khan,P156,Grocery,3,2709.36,Net Banking,Ahmedabad,amit.khan1203@example.com
1204,Rohan,Sharma,P153,Grocery,5,13206.8,Net Banking,Chennai,rohan.sharma1204@example.com
1205,Rohan,Patel,P136,Toys,1,4690.46,Net Banking,Pune,rohan.patel1205@example.com
1206,Divya,Patel,P190,Books,4,8195.44,Credit Card,Chennai,divya.patel1206@example.com
1207,Pooja,Rao,P034,Electronics,8,5075.44,Credit Card,Kolkata,pooja.rao1207@example.com
1208,Sneha,Nair,P108,Grocery,3,3118.77,Cash on Delivery,Hyderabad,sneha.nair1208.d3@example.com
1209,Lakshmi,Nair,P104,Books,3,5045.52,Debit Card,Delhi,lakshmi.nair1209@example.com
1210,Nikhil,Patel,P200,Electronics,9,4194.9,Cash on Delivery,Kolkata,nikhil.patel1210@example.com
1211,Rahul,Iyer,P072,Toys,5,16985.95,Credit Card,Ahmedabad,rahul.iyer1211@example.com
1212,Sneha,Khan,P166,Electronics,6,13464.48,Cash on Delivery,Delhi,sneha.khan1212.d3@example.com
1213,Vikram,Sharma,P133,Home,4,16168.72,Credit Card,Pune,vikram.sharma1213@example.com
1214,Divya,Reddy,P060,Apparel,6,21279.96,Debit Card,Kolkata,divya.reddy1214@example.com
1215,Rahul,Nair,P047,Toys,1,2910.83,Net Banking,Bengaluru,rahul.nair1215@example.com
1216,Meera,Joshi,P195,Toys,7,976.57,Wallet,Bengaluru,meera.joshi1216@example.com
1217,Suresh,Nair,P037,Home,9,19236.69,Debit Card,Hyderabad,suresh.nair1217@example.com
1218,Karan,Rao,P089,Home,9,44692.74,UPI,Pune,karan.rao1218@example.com
1219,Sneha,Joshi,P113,Apparel,2,4527.56,Wallet,Pune,sneha.joshi1219@example.com
1220,Vikram,Verma,P166,Electronics,9,20196.72,Wallet,Hyderabad,vikram.verma1220@example.com
1221,Amit,Nair,P168,Books,5,12926.0,Cash on Delivery,Kolkata,amit.nair1221@example.com
1222,Vikram,Rao,P147,Home,1,4179.27,Net Banking,Kolkata,vikram.rao1222@example.com
1223,Divya,Khan,P018,Books,7,11038.93,Cash on Delivery,Pune,divya.khan1223@example.com
1224,Vikram,Gupta,P133,Home,7,28295.26,UPI,Pune,vikram.gupta1224@example.com
1225,Rahul,Nair,P077,Toys,10,20321.9,UPI,Pune,rahul.nair1225@example.com
1226,Nikhil,Nair,P185,Grocery,2,7492.16,Net Banking,Delhi,nikhil.nair1226@example.com
1227,Kavya,Sharma,P152,Books,2,1394.56,Debit Card,Chennai,kavya.sharma1227@example.com
1228,Meera,Nair,P039,Books,1,2886.48,Wallet,Pune,meera.nair1228@example.com
1229,Divya,Nair,P015,Electronics,4,11221.96,UPI,Ahmedabad,divya.nair1229@example.com
1230,Sneha,Iyer,P114,Toys,7,34585.53,Debit Card,Pune,sneha.iyer1230@example.com
1231,Suresh,Patel,P030,Electronics,6,17360.4,Credit Card,Kolkata,suresh.patel1231@example.com
1232,Rahul,Joshi,P188,Toys,4,16682.4,Net Banking,Ahmedabad,rahul.joshi1232@example.com
1233,Vikram,Reddy,P196,Apparel,10,26113.0,Wallet,Hyderabad,vikram.reddy1233@example.com
1234,Divya,Khan,P108,Grocery,7,7277.13,UPI,Mumbai,divya.khan1234@example.com
1235,Suresh,Rao,P151,Books,4,8528.44,Debit Card,Pune,suresh.rao1235@example.com
1236,Anita,Joshi,P024,Grocery,8,20058.0,Wallet,Pune,anita.joshi1236@example.com
1237,Arjun,Das,P187,Home,2,1711.68,Credit Card,Mumbai,arjun.das1237@example.com
1238,Anita,Verma,P065,Grocery,7,767.97,Cash on Delivery,Pune,anita.verma1238@example.com
1239,Sneha,Rao,P009,Home,8,2740.8,Cash on Delivery,Bengaluru,sneha.rao1239@example.com
1240,Vikram,Khan,P044,Apparel,5,11983.95,UPI,Chennai,vikram.khan1240@example.com
1241,Suresh,Joshi,P150,Toys,5,14687.9,Debit Card,Chennai,suresh.joshi1241@example.com
1242,Karan,Das,P068,Home,8,21569.84,Debit Card,Bengaluru,karan.das1242@example.com
1243,Karan,Joshi,P114,Toys,3,14822.37,UPI,Delhi,karan.joshi1243@example.com
1244,Nikhil,Nair,P102,Grocery,5,9053.5,Net Banking,Delhi,nikhil.nair1244@example.com
1245,Priya,Gupta,P199,Grocery,6,29159.34,Wallet,Chennai,priya.gupta1245@example.com
1246,Arjun,Verma,P046,Toys,9,31701.51,Debit Card,Kolkata,arjun.verma1246@example.com
1247,Vikram,Rao,P070,Grocery,3,10403.82,Wallet,Ahmedabad,vikram.rao1247@example.com
1248,Karan,Patel,P132,Electronics,9,7183.8,Debit Card,Pune,karan.patel1248@example.com
1249,Rohan,Sharma,P175,Grocery,9,19011.15,Wallet,Kolkata,rohan.sharma1249@example.com
1250,Rohan,Reddy,P048,Toys,2,8237.06,Debit Card,Mumbai,rohan.reddy1250@example.com
1251,Lakshmi,Rao,P076,Home,9,5062.59,Cash on Delivery,Bengaluru,lakshmi.rao1251@example.com
1252,Kavya,Verma,P075,Home,3,6061.32,Debit Card,Hyderabad,kavya.verma1252@example.com
1253,Sneha,Das,P179,Toys,10,15487.6,Credit Card,Hyderabad,sneha.das1253@example.com
1254,Rohan,Khan,P043,Electronics,10,42078.4,Credit Card,Kolkata,rohan.khan1254@example.com
1255,Lakshmi,Khan,P050,Toys,4,7070.72,UPI,Ahmedabad,lakshmi.khan1255@example.com
1256,Rohan,Reddy,P012,Books,5,23705.8,Net Banking,Pune,rohan.reddy1256@example.com
1257,Sneha,Joshi,P142,Grocery,5,20697.35,Debit Card,Pune,sneha.joshi1257@example.com
1258,Rohan,Das,P073,Electronics,5,11551.95,Credit Card,Bengaluru,rohan.das1258@example.com
1259,Rahul,Das,P200,Electronics,1,466.1,Net Banking,Pune,rahul.das1259@example.com
1260,Pooja,Rao,P148,Electronics,3,13663.74,UPI,Bengaluru,pooja.rao1260@example.com
1261,Meera,Patel,P161,Electronics,3,13265.94,Cash on Delivery,Mumbai,meera.patel1261@example.com
1262,Amit,Iyer,P142,Grocery,3,12418.41,UPI,Ahmedabad,amit.iyer1262@example.com
1263,Pooja,Das,P035,Home,9,7799.04,Net Banking,Delhi,pooja.das1263@example.com
1264,Rahul,Sharma,P011,Grocery,6,19029.6,Wallet,Pune,rahul.sharma1264@example.com
1265,Priya,Patel,P037,Home,1,2137.41,Debit Card,Chennai,priya.patel1265@example.com
1266,Anita,Gupta,P076,Home,2,1125.02,Wallet,Delhi,anita.gupta1266@example.com
1267,Arjun,Patel,P139,Toys,5,16329.45,Debit Card,Ahmedabad,arjun.patel1267@example.com
1268,Nikhil,Patel,P043,Electronics,8,33662.72,Debit Card,Chennai,nikhil.patel1268@example.com
1269,Arjun,Khan,P099,Apparel,3,14680.74,Debit Card,Kolkata,arjun.khan1269.d3@example.com
1270,Arjun,Das,P095,Electronics,2,2131.62,Net Banking,Mumbai,arjun.das1270@example.com
1271,Sneha,Das,P196,Apparel,9,23501.7,UPI,Mumbai,sneha.das1271@example.com
1272,Arjun,Gupta,P039,Books,6,17318.88,Credit Card,Mumbai,arjun.gupta1272@example.com
1273,Pooja,Singh,P026,Apparel,3,7064.19,UPI,Hyderabad,pooja.singh1273@example.com
1274,Sneha,Rao,P038,Toys,5,2171.1,UPI,Pune,sneha.rao1274@example.com
1275,Suresh,Nair,P167,Books,3,14604.39,Wallet,Hyderabad,suresh.nair1275@example.com
1276,Arjun,Joshi,P087,Apparel,5,15156.4,Cash on Delivery,Mumbai,arjun.joshi1276@example.com
1277,Priya,Rao,P191,Home,6,6113.64,Wallet,Kolkata,priya.rao1277@example.com
1278,Kavya,Nair,P176,Home,6,13430.88,UPI,Delhi,kavya.nair1278@example.com
1279,Rahul,Joshi,P019,Toys,5,4723.0,Debit Card,Kolkata,rahul.joshi1279@example.com
1280,Meera,Khan,P011,Grocery,1,3171.6,Cash on Delivery,Delhi,meera.khan1280@example.com
1281,Rahul,Patel,P106,Grocery,9,36360.81,Debit Card,Mumbai,rahul.patel1281@example.com
1282,Suresh,Verma,P175,Grocery,3,6337.05,Cash on Delivery,Hyderabad,suresh.verma1282@example.com
1283,Divya,Sharma,P061,Apparel,1,3429.48,Wallet,Bengaluru,divya.sharma1283@example.com
1284,Nikhil,Khan,P194,Books,3,6961.26,Debit Card,Delhi,nikhil.khan1284@example.com
1285,Nikhil,Nair,P136,Toys,2,9380.92,UPI,Ahmedabad,nikhil.nair1285@example.com
1286,Meera,Khan,P060,Apparel,6,21279.96,Wallet,Ahmedabad,meera.khan1286@example.com
1287,Pooja,Patel,P009,Home,6,2055.6,Wallet,Ahmedabad,pooja.patel1287@example.com
1288,Arjun,Verma,P034,Electronics,10,6344.3,Credit Card,Ahmedabad,arjun.verma1288@example.com
1289,Vikram,Sharma,P142,Grocery,9,37255.23,UPI,Ahmedabad,vikram.sharma1289@example.com
1290,Kavya,Das,P183,Grocery,7,9120.16,Credit Card,Ahmedabad,kavya.das1290@example.com
1291,Lakshmi,Reddy,P012,Books,2,9482.32,Credit Card,Kolkata,lakshmi.reddy1291@example.com
1292,Rohan,Verma,P083,Electronics,4,18989.2,Net Banking,Mumbai,rohan.verma1292@example.com
1293,Suresh,Das,P114,Toys,9,44467.11,UPI,Pune,suresh.das1293@example.com
1294,Pooja,Reddy,P125,Home,4,17802.4,Net Banking,Mumbai,pooja.reddy1294@example.com
1295,Vikram,Khan,P131,Grocery,6,29795.46,Net Banking,Bengaluru,vikram.khan1295@example.com
1296,Divya,Iyer,P062,Home,4,19163.08,UPI,Hyderabad,divya.iyer1296@example.com
1297,Meera,Sharma,P103,Grocery,5,13431.65,Credit Card,Kolkata,meera.sharma1297@example.com
1298,Nikhil,Das,P077,Toys,9,18289.71,Wallet,Chennai,nikhil.das1298@example.com
1299,Anita,Nair,P195,Toys,10,1395.1,Net Banking,Ahmedabad,anita.nair1299@example.com
1300,Priya,Reddy,P074,Toys,7,27996.29,Net Banking,Pune,priya.reddy1300@example.com
1301,Priya,Rao,P163,Apparel,9,2329.92,UPI,Mumbai,priya.rao1301@example.com
1302,Divya,Das,P161,Electronics,8,35375.84,Net Banking,Mumbai,divya.das1302@example.com
1303,Vikram,Sharma,P055,Grocery,4,8078.36,Cash on Delivery,Delhi,vikram.sharma1303@example.com
1304,Amit,Reddy,P160,Books,1,2799.44,Debit Card,Chennai,amit.reddy1304@example.com
1305,Karan,Reddy,P147,Home,5,20896.35,Credit Card,Pune,karan.reddy1305@example.com
1306,Amit,Patel,P062,Home,9,43116.93,Cash on Delivery,Bengaluru,amit.patel1306@example.com
1307,Priya,Reddy,P158,Electronics,7,19631.85,Credit Card,Bengaluru,priya.reddy1307@example.com
1308,Rahul,Joshi,P046,Toys,1,3522.39,Credit Card,Chennai,rahul.joshi1308@example.com
1309,Nikhil,Rao,P065,Grocery,7,767.97,Net Banking,Hyderabad,nikhil.rao1309@example.com
1310,Rahul,Das,P149,Apparel,4,17974.52,Net Banking,Hyderabad,rahul.das1310@example.com
1311,Suresh,Das,P095,Electronics,7,7460.67,Net Banking,Kolkata,suresh.das1311@example.com
1312,Arjun,Das,P047,Toys,1,2910.83,Net Banking,Hyderabad,arjun.das1312@example.com
1313,Amit,Khan,P183,Grocery,3,3908.64,UPI,Pune,amit.khan1313@example.com
1314,Lakshmi,Nair,P137,Grocery,10,27658.7,Wallet,Mumbai,lakshmi.nair1314@example.com
1315,Rohan,Patel,P074,Toys,2,7998.94,Cash on Delivery,Hyderabad,rohan.patel1315@example.com
1316,Nikhil,Nair,P137,Grocery,4,11063.48,Debit Card,Pune,nikhil.nair1316@example.com
1317,Vikram,Singh,P085,Grocery,5,15448.2,Wallet,Pune,vikram.singh1317@example.com
1318,Rahul,Das,P064,Grocery,5,5990.95,Wallet,Hyderabad,rahul.das1318@example.com
1319,Arjun,Das,P007,Home,5,10599.75,Net Banking,Chennai,arjun.das1319@example.com
1320,Anita,Gupta,P175,Grocery,5,10561.75,UPI,Bengaluru,anita.gupta1320@example.com
1321,Sneha,Reddy,P023,Books,8,2760.24,Debit Card,Chennai,sneha.reddy1321@example.com
1322,Lakshmi,Nair,P009,Home,5,1713.0,Cash on Delivery,Kolkata,lakshmi.nair1322@example.com
1323,Kavya,Singh,P121,Apparel,1,4008.24,Credit Card,Ahmedabad,kavya.singh1323@example.com
1324,Nikhil,Sharma,P014,Electronics,8,39059.68,UPI,Pune,nikhil.sharma1324@example.com
1325,Amit,Khan,P051,Home,2,3619.1,Cash on Delivery,Ahmedabad,amit.khan1325@example.com
1326,Anita,Reddy,P092,Electronics,4,15043.56,Net Banking,Hyderabad,anita.reddy1326@example.com
1327,Sneha,Verma,P096,Books,7,12884.69,Cash on Delivery,Hyderabad,sneha.verma1327@example.com
1328,Suresh,Khan,P010,Books,7,4639.74,Credit Card,Delhi,suresh.khan1328@example.com
1329,Sneha,Verma,P012,Books,6,28446.96,Credit Card,Delhi,sneha.verma1329@example.com
1330,Rohan,Nair,P050,Toys,2,3535.36,Net Banking,Pune,rohan.nair1330@example.com
1331,Anita,Das,P173,Apparel,3,13853.34,Wallet,Pune,anita.das1331@example.com
1332,Rahul,Khan,P002,Home,2,6544.26,Cash on Delivery,Ahmedabad,rahul.khan1332@example.com
1333,Arjun,Patel,P027,Home,10,18398.3,UPI,Delhi,arjun.patel1333@example.com
1334,Karan,Patel,P119,Books,1,4210.16,Credit Card,Mumbai,karan.patel1334@example.com
1335,Nikhil,Rao,P149,Apparel,9,40442.67,Net Banking,Mumbai,nikhil.rao1335@example.com
1336,Vikram,Nair,P083,Electronics,3,14241.9,Cash on Delivery,Pune,vikram.nair1336@example.com
1337,Divya,Nair,P066,Books,5,4763.0,Cash on Delivery,Chennai,divya.nair1337@example.com
1338,Divya,Patel,P108,Grocery,5,5197.95,Debit Card,Chennai,divya.patel1338@example.com
1339,Nikhil,Reddy,P124,Toys,6,22579.2,UPI,Ahmedabad,nikhil.reddy1339@example.com
1340,Meera,Reddy,P016,Grocery,5,7417.85,Credit Card,Mumbai,meera.reddy1340@example.com
1341,Arjun,Sharma,P125,Home,3,13351.8,Wallet,Kolkata,arjun.sharma1341@example.com
1342,Anita,Reddy,P124,Toys,4,15052.8,Wallet,Ahmedabad,anita.reddy1342@example.com
1343,Meera,Reddy,P033,Apparel,5,15321.75,Cash on Delivery,Ahmedabad,meera.reddy1343@example.com
1344,Nikhil,Khan,P127,Apparel,3,1438.23,Wallet,Hyderabad,nikhil.khan1344@example.com
1345,Nikhil,Sharma,P173,Apparel,6,27706.68,UPI,Mumbai,nikhil.sharma1345@example.com
1346,Anita,Nair,P168,Books,6,15511.2,Debit Card,Chennai,anita.nair1346@example.com
1347,Anita,Das,P113,Apparel,2,4527.56,Wallet,Chennai,anita.das1347@example.com
1348,Divya,Singh,P076,Home,9,5062.59,Credit Card,Kolkata,divya.singh1348@example.com
1349,Rahul,Das,P095,Electronics,6,6394.86,Wallet,Chennai,rahul.das1349@example.com
1350,Suresh,Reddy,P126,Home,7,27693.54,Credit Card,Pune,suresh.reddy1350@example.com
1351,Priya,Nair,P019,Toys,3,2833.8,Wallet,Chennai,priya.nair1351@example.com
1352,Arjun,Sharma,P058,Apparel,1,4422.75,Cash on Delivery,Pune,arjun.sharma1352@example.com
1353,Karan,Reddy,P071,Books,10,47536.1,Credit Card,Pune,karan.reddy1353@example.com
1354,Sneha,Nair,P075,Home,2,4040.88,Debit Card,Pune,sneha.nair1354@example.com
1355,Divya,Reddy,P071,Books,1,4753.61,Wallet,Bengaluru,divya.reddy1355@example.com
1356,Meera,Das,P100,Electronics,7,24473.19,UPI,Pune,meera.das1356@example.com
1357,Karan,Sharma,P140,Books,6,22560.06,Cash on Delivery,Mumbai,karan.sharma1357@example.com
1358,Karan,Joshi,P127,Apparel,2,958.82,UPI,Ahmedabad,karan.joshi1358@example.com
1359,Karan,Sharma,P004,Electronics,4,7440.64,UPI,Delhi,karan.sharma1359@example.com
1360,Vikram,Rao,P034,Electronics,6,3806.58,Wallet,Bengaluru,vikram.rao1360@example.com
1361,Anita,Rao,P141,Grocery,8,17578.88,Credit Card,Pune,anita.rao1361@example.com
1362,Meera,Nair,P124,Toys,4,15052.8,Cash on Delivery,Hyderabad,meera.nair1362@example.com
1363,Suresh,Rao,P014,Electronics,1,4882.46,Wallet,Mumbai,suresh.rao1363@example.com
1364,Kavya,Gupta,P149,Apparel,3,13480.89,UPI,Mumbai,kavya.gupta1364@example.com
1365,Suresh,Khan,P137,Grocery,4,11063.48,Net Banking,Chennai,suresh.khan1365@example.com
1366,Lakshmi,Patel,P168,Books,9,23266.8,Debit Card,Delhi,lakshmi.patel1366@example.com
1367,Rahul,Gupta,P136,Toys,9,42214.14,Net Banking,Hyderabad,rahul.gupta1367@example.com
1368,Vikram,Joshi,P016,Grocery,7,10384.99,Credit Card,Delhi,vikram.joshi1368@example.com
1369,Pooja,Reddy,P067,Apparel,9,632.34,Net Banking,Kolkata,pooja.reddy1369@example.com
1370,Arjun,Gupta,P183,Grocery,7,9120.16,Cash on Delivery,Chennai,arjun.gupta1370@example.com
1371,Karan,Joshi,P016,Grocery,9,13352.13,Debit Card,Pune,karan.joshi1371@example.com
1372,Priya,Rao,P050,Toys,6,10606.08,Wallet,Pune,priya.rao1372@example.com
1373,Pooja,Iyer,P047,Toys,5,14554.15,UPI,Mumbai,pooja.iyer1373@example.com
1374,Pooja,Verma,P072,Toys,8,27177.52,Wallet,Pune,pooja.verma1374@example.com
1375,Suresh,Das,P075,Home,4,8081.76,Cash on Delivery,Pune,suresh.das1375@example.com
1376,Pooja,Gupta,P184,Grocery,10,48393.5,Credit Card,Chennai,pooja.gupta1376@example.com
1377,Vikram,Rao,P029,Toys,8,31281.28,Debit Card,Delhi,vikram.rao1377@example.com
1378,Divya,Iyer,P170,Books,6,16138.56,Debit Card,Delhi,divya.iyer1378@example.com
1379,Rohan,Reddy,P119,Books,3,12630.48,Credit Card,Ahmedabad,rohan.reddy1379@example.com
1380,Suresh,Joshi,P110,Electronics,10,49485.4,Credit Card,Pune,suresh.joshi1380@example.com
1381,Sneha,Verma,P122,Electronics,6,25089.06,Credit Card,Mumbai,sneha.verma1381@example.com
1382,Kavya,Singh,P103,Grocery,2,5372.66,UPI,Chennai,kavya.singh1382@example.com
1383,Vikram,Reddy,P006,Grocery,4,942.4,Wallet,Bengaluru,vikram.reddy1383@example.com
1384,Anita,Gupta,P096,Books,8,14725.36,Credit Card,Delhi,anita.gupta1384@example.com
1385,Meera,Das,P050,Toys,6,10606.08,UPI,Pune,meera.das1385@example.com
1386,Pooja,Das,P112,Grocery,3,10433.94,Debit Card,Ahmedabad,pooja.das1386@example.com
1387,Sneha,Singh,P071,Books,4,19014.44,Net Banking,Chennai,sneha.singh1387@example.com
1388,Priya,Reddy,P148,Electronics,5,22772.9,Debit Card,Delhi,priya.reddy1388@example.com
1389,Priya,Reddy,P143,Grocery,6,1131.42,Debit Card,Ahmedabad,priya.reddy1389@example.com
1390,Nikhil,Patel,P134,Grocery,4,12309.16,Cash on Delivery,Chennai,nikhil.patel1390@example.com
1391,Divya,Iyer,P050,Toys,1,1767.68,Wallet,Delhi,divya.iyer1391@example.com
1392,Rahul,Joshi,P009,Home,9,3083.4,Cash on Delivery,Ahmedabad,rahul.joshi1392@example.com
1393,Lakshmi,Rao,P092,Electronics,2,7521.78,Net Banking,Hyderabad,lakshmi.rao1393@example.com
1394,Priya,Gupta,P108,Grocery,9,9356.31,Wallet,Pune,priya.gupta1394@example.com
1395,Anita,Verma,P012,Books,5,23705.8,Net Banking,Hyderabad,anita.verma1395@example.com
1396,Priya,Patel,P142,Grocery,4,16557.88,Wallet,Delhi,priya.patel1396@example.com
1397,Amit,Gupta,P145,Grocery,9,34471.89,Credit Card,Delhi,amit.gupta1397@example.com
1398,Sneha,Khan,P057,Home,10,20381.4,Wallet,Kolkata,sneha.khan1398@example.com
1399,Amit,Gupta,P134,Grocery,3,9231.87,Net Banking,Hyderabad,amit.gupta1399@example.com
1400,Rahul,Iyer,P055,Grocery,8,16156.72,Credit Card,Kolkata,rahul.iyer1400@example.com
1401,Suresh,Iyer,P020,Books,10,28774.6,Credit Card,Ahmedabad,suresh.iyer1401@example.com
1402,Lakshmi,Das,P045,Toys,7,2602.25,Credit Card,Kolkata,lakshmi.das1402@example.com
1403,Suresh,Verma,P148,Electronics,5,22772.9,Credit Card,Kolkata,suresh.verma1403@example.com
1404,Divya,Singh,P095,Electronics,9,9592.29,Net Banking,Hyderabad,divya.singh1404@example.com
1405,Arjun,Khan,P031,Books,3,7502.49,Credit Card,Ahmedabad,arjun.khan1405@example.com
1406,Suresh,Gupta,P160,Books,10,27994.4,UPI,Kolkata,suresh.gupta1406@example.com
1407,Karan,Sharma,P168,Books,9,23266.8,Credit Card,Bengaluru,karan.sharma1407@example.com
1408,Sneha,Khan,P119,Books,10,42101.6,Debit Card,Mumbai,sneha.khan1408@example.com
1409,Divya,Reddy,P010,Books,10,6628.2,Debit Card,Pune,divya.reddy1409@example.com
1410,Amit,Khan,P193,Apparel,7,1025.08,UPI,Mumbai,amit.khan1410@example.com
1411,Suresh,Patel,P139,Toys,7,22861.23,Net Banking,Delhi,suresh.patel1411@example.com
1412,Suresh,Verma,P177,Electronics,2,6744.44,Credit Card,Ahmedabad,suresh.verma1412@example.com
1413,Sneha,Das,P091,Apparel,6,2850.78,Credit Card,Delhi,sneha.das1413@example.com
1414,Karan,Nair,P093,Toys,8,10884.4,Debit Card,Ahmedabad,karan.nair1414@example.com
1415,Arjun,Das,P048,Toys,4,16474.12,Cash on Delivery,Bengaluru,arjun.das1415@example.com
1416,Meera,Nair,P115,Apparel,7,3140.62,Net Banking,Hyderabad,meera.nair1416@example.com
1417,Divya,Nair,P108,Grocery,7,7277.13,Net Banking,Ahmedabad,divya.nair1417@example.com
1418,Amit,Iyer,P093,Toys,8,10884.4,UPI,Chennai,amit.iyer1418@example.com
1419,Anita,Iyer,P140,Books,5,18800.05,Credit Card,Mumbai,anita.iyer1419@example.com
1420,Vikram,Reddy,P053,Electronics,6,6780.78,Cash on Delivery,Delhi,vikram.reddy1420@example.com
1421,Arjun,Patel,P011,Grocery,5,15858.0,Wallet,Chennai,arjun.patel1421@example.com
1422,Divya,Das,P049,Apparel,8,28778.48,Credit Card,Mumbai,divya.das1422@example.com
1423,Amit,Verma,P170,Books,9,24207.84,Cash on Delivery,Mumbai,amit.verma1423@example.com
1424,Meera,Khan,P141,Grocery,8,17578.88,Wallet,Delhi,meera.khan1424@example.com
1425,Anita,Gupta,P200,Electronics,10,4661.0,Debit Card,Mumbai,anita.gupta1425@example.com
1426,Rahul,Khan,P181,Grocery,3,14101.65,Net Banking,Hyderabad,rahul.khan1426@example.com
1427,Amit,Khan,P073,Electronics,8,18483.12,UPI,Mumbai,amit.khan1427@example.com
1428,Rohan,Nair,P159,Apparel,7,23992.78,Credit Card,Delhi,rohan.nair1428@example.com
1429,Anita,Sharma,P044,Apparel,8,19174.32,UPI,Pune,anita.sharma1429@example.com
1430,Vikram,Iyer,P144,Grocery,1,1500.18,Credit Card,Hyderabad,vikram.iyer1430@example.com
1431,Anita,Iyer,P179,Toys,1,1548.76,UPI,Hyderabad,anita.iyer1431@example.com
1432,Karan,Rao,P179,Toys,2,3097.52,UPI,Mumbai,karan.rao1432@example.com
1433,Vikram,Rao,P130,Electronics,8,29102.0,Net Banking,Mumbai,vikram.rao1433@example.com
1434,Rahul,Patel,P127,Apparel,9,4314.69,Net Banking,Mumbai,rahul.patel1434@example.com
1435,Anita,Patel,P061,Apparel,10,34294.8,Debit Card,Pune,anita.patel1435@example.com
1436,Karan,Rao,P032,Apparel,4,14643.0,Cash on Delivery,Hyderabad,karan.rao1436@example.com
1437,Kavya,Das,P084,Books,2,352.46,UPI,Mumbai,kavya.das1437@example.com
1438,Kavya,Verma,P093,Toys,5,6802.75,Debit Card,Kolkata,kavya.verma1438@example.com
1439,Rohan,Patel,P152,Books,10,6972.8,Debit Card,Chennai,rohan.patel1439@example.com
1440,Vikram,Verma,P193,Apparel,1,146.44,Cash on Delivery,Chennai,vikram.verma1440@example.com
1441,Arjun,Sharma,P183,Grocery,2,2605.76,Net Banking,Ahmedabad,arjun.sharma1441@example.com
1442,Vikram,Singh,P143,Grocery,2,377.14,Cash on Delivery,Chennai,vikram.singh1442@example.com
1443,Anita,Iyer,P125,Home,4,17802.4,Net Banking,Pune,anita.iyer1443@example.com
1444,Rohan,Singh,P192,Apparel,1,506.36,Cash on Delivery,Hyderabad,rohan.singh1444@example.com
1445,Lakshmi,Nair,P187,Home,2,1711.68,Wallet,Chennai,lakshmi.nair1445@example.com
1446,Suresh,Reddy,P131,Grocery,9,44693.19,Debit Card,Ahmedabad,suresh.reddy1446@example.com
1447,Rohan,Joshi,P034,Electronics,5,3172.15,Credit Card,Kolkata,rohan.joshi1447@example.com
1448,Rohan,Iyer,P006,Grocery,2,471.2,Credit Card,Bengaluru,rohan.iyer1448@example.com
1449,Arjun,Das,P120,Home,7,31853.78,Debit Card,Kolkata,arjun.das1449@example.com
1450,Karan,Singh,P159,Apparel,8,27420.32,Net Banking,Delhi,karan.singh1450@example.com
1451,Rahul,Khan,P087,Apparel,5,15156.4,Wallet,Delhi,rahul.khan1451@example.com
1452,Amit,Nair,P171,Home,9,23070.33,UPI,Kolkata,amit.nair1452@example.com
1453,Suresh,Sharma,P053,Electronics,6,6780.78,Credit Card,Chennai,suresh.sharma1453@example.com
1454,Vikram,Sharma,P066,Books,8,7620.8,UPI,Kolkata,vikram.sharma1454@example.com
1455,Pooja,Rao,P033,Apparel,5,15321.75,Cash on Delivery,Ahmedabad,pooja.rao1455@example.com
1456,Kavya,Verma,P171,Home,9,23070.33,Credit Card,Mumbai,kavya.verma1456@example.com
1457,Rohan,Gupta,P023,Books,1,345.03,Credit Card,Mumbai,rohan.gupta1457@example.com
1458,Karan,Joshi,P064,Grocery,9,10783.71,Wallet,Pune,karan.joshi1458@example.com
1459,Priya,Reddy,P135,Books,2,9805.02,Cash on Delivery,Bengaluru,priya.reddy1459@example.com
1460,Divya,Patel,P177,Electronics,6,20233.32,UPI,Ahmedabad,divya.patel1460@example.com
1461,Vikram,Reddy,P145,Grocery,3,11490.63,Debit Card,Ahmedabad,vikram.reddy1461@example.com
1462,Priya,Reddy,P021,Grocery,1,1893.37,Net Banking,Delhi,priya.reddy1462@example.com
1463,Kavya,Joshi,P069,Books,3,8560.17,Wallet,Pune,kavya.joshi1463@example.com
1464,Priya,Das,P193,Apparel,9,1317.96,Cash on Delivery,Kolkata,priya.das1464@example.com
1465,Rohan,Singh,P131,Grocery,10,49659.1,UPI,Kolkata,rohan.singh1465@example.com
1466,Anita,Verma,P081,Electronics,2,1113.56,Wallet,Mumbai,anita.verma1466@example.com
1467,Kavya,Joshi,P074,Toys,10,39994.7,UPI,Mumbai,kavya.joshi1467@example.com
1468,Rohan,Das,P028,Grocery,8,31857.44,Cash on Delivery,Kolkata,rohan.das1468@example.com
1469,Vikram,Khan,P084,Books,8,1409.84,Cash on Delivery,Ahmedabad,vikram.khan1469@example.com
1470,Rohan,Patel,P073,Electronics,5,11551.95,Wallet,Mumbai,rohan.patel1470@example.com
1471,Divya,Patel,P139,Toys,1,3265.89,Wallet,Pune,divya.patel1471@example.com
1472,Arjun,Singh,P005,Electronics,9,40977.36,UPI,Ahmedabad,arjun.singh1472@example.com
1473,Karan,Khan,P018,Books,4,6307.96,Credit Card,Chennai,karan.khan1473@example.com
1474,Vikram,Reddy,P122,Electronics,10,41815.1,Cash on Delivery,Pune,vikram.reddy1474@example.com
1475,Sneha,Joshi,P024,Grocery,3,7521.75,Credit Card,Hyderabad,sneha.joshi1475@example.com
1476,Divya,Verma,P153,Grocery,8,21130.88,Cash on Delivery,Chennai,divya.verma1476@example.com
1477,Rahul,Nair,P029,Toys,7,27371.12,Credit Card,Mumbai,rahul.nair1477@example.com
1478,Vikram,Joshi,P094,Toys,4,3396.48,Credit Card,Mumbai,vikram.joshi1478@example.com
1479,Meera,Verma,P109,Home,3,5430.09,Net Banking,Bengaluru,meera.verma1479@example.com
1480,Karan,Gupta,P103,Grocery,8,21490.64,Wallet,Delhi,karan.gupta1480@example.com
1481,Karan,Das,P016,Grocery,6,8901.42,Cash on Delivery,Ahmedabad,karan.das1481@example.com
1482,Rohan,Singh,P191,Home,9,9170.46,Debit Card,Bengaluru,rohan.singh1482@example.com
1483,Nikhil,Khan,P118,Home,1,3139.13,Wallet,Delhi,nikhil.khan1483@example.com
1484,Priya,Nair,P054,Apparel,9,6212.07,Cash on Delivery,Ahmedabad,priya.nair1484@example.com
1485,Amit,Sharma,P002,Home,9,29449.17,Wallet,Kolkata,amit.sharma1485@example.com
1486,Pooja,Rao,P031,Books,5,12504.15,UPI,Pune,pooja.rao1486@example.com
1487,Meera,Nair,P056,Home,8,3591.04,Debit Card,Chennai,meera.nair1487@example.com
1488,Arjun,Patel,P096,Books,9,16566.03,Wallet,Chennai,arjun.patel1488@example.com
1489,Sneha,Rao,P097,Toys,9,24648.3,Wallet,Delhi,sneha.rao1489@example.com
1490,Pooja,Nair,P122,Electronics,10,41815.1,UPI,Pune,pooja.nair1490@example.com
1491,Nikhil,Khan,P119,Books,7,29471.12,UPI,Delhi,nikhil.khan1491@example.com
1492,Amit,Sharma,P095,Electronics,3,3197.43,Debit Card,Pune,amit.sharma1492@example.com
1493,Lakshmi,Nair,P088,Home,3,1974.21,Debit Card,Kolkata,lakshmi.nair1493@example.com
1494,Arjun,Verma,P058,Apparel,4,17691.0,Credit Card,Pune,arjun.verma1494@example.com
1495,Karan,Joshi,P071,Books,1,4753.61,UPI,Chennai,karan.joshi1495@example.com
1496,Vikram,Sharma,P064,Grocery,7,8387.33,Wallet,Hyderabad,vikram.sharma1496@example.com
1497,Priya,Reddy,P141,Grocery,4,8789.44,UPI,Kolkata,priya.reddy1497@example.com
1498,Rahul,Iyer,P163,Apparel,3,776.64,Wallet,Delhi,rahul.iyer1498@example.com
1499,Divya,Reddy,P047,Toys,4,11643.32,Credit Card,Mumbai,divya.reddy1499@example.com
1500,Anita,Sharma,P055,Grocery,4,8078.36,Credit Card,Chennai,anita.sharma1500@example.com
1501,Anita,Verma,P040,Apparel,2,3467.22,Debit Card,Mumbai,anita.verma1501@example.com
1502,Meera,Reddy,P098,Electronics,10,38028.1,Credit Card,Chennai,meera.reddy1502@example.com
1503,Priya,Reddy,P087,Apparel,1,3031.28,Cash on Delivery,Delhi,priya.reddy1503@example.com
1504,Nikhil,Singh,P130,Electronics,4,14551.0,Wallet,Bengaluru,nikhil.singh1504@example.com
1505,Vikram,Patel,P180,Electronics,2,8980.56,Wallet,Hyderabad,vikram.patel1505@example.com
1506,Rohan,Patel,P152,Books,8,5578.24,Cash on Delivery,Hyderabad,rohan.patel1506@example.com
1507,Priya,Nair,P051,Home,5,9047.75,Wallet,Pune,priya.nair1507@example.com
1508,Amit,Patel,P178,Home,8,3295.6,Cash on Delivery,Pune,amit.patel1508@example.com
1509,Pooja,Verma,P133,Home,3,12126.54,Wallet,Ahmedabad,pooja.verma1509@example.com
1510,Priya,Iyer,P197,Apparel,8,20685.6,Cash on Delivery,Ahmedabad,priya.iyer1510@example.com
1511,Arjun,Gupta,P106,Grocery,4,16160.36,Credit Card,Bengaluru,arjun.gupta1511@example.com
1512,Suresh,Iyer,P080,Electronics,4,6933.08,Cash on Delivery,Delhi,suresh.iyer1512@example.com
1513,Karan,Joshi,P022,Books,9,32174.55,Credit Card,Kolkata,karan.joshi1513@example.com
1514,Lakshmi,Verma,P116,Electronics,3,3518.67,Credit Card,Pune,lakshmi.verma1514@example.com
1515,Anita,Gupta,P029,Toys,1,3910.16,UPI,Delhi,anita.gupta1515@example.com
1516,Vikram,Patel,P194,Books,9,20883.78,Cash on Delivery,Delhi,vikram.patel1516@example.com
1517,Rohan,Joshi,P049,Apparel,2,7194.62,Wallet,Chennai,rohan.joshi1517@example.com
1518,Nikhil,Reddy,P125,Home,5,22253.0,UPI,Hyderabad,nikhil.reddy1518@example.com
1519,Rahul,Singh,P004,Electronics,6,11160.96,Net Banking,Mumbai,rahul.singh1519@example.com
1520,Sneha,Verma,P020,Books,9,25897.14,Cash on Delivery,Pune,sneha.verma1520@example.com
1521,Vikram,Patel,P135,Books,4,19610.04,Debit Card,Kolkata,vikram.patel1521@example.com
1522,Anita,Gupta,P037,Home,6,12824.46,Net Banking,Hyderabad,anita.gupta1522@example.com
1523,Priya,Sharma,P021,Grocery,7,13253.59,Credit Card,Delhi,priya.sharma1523@example.com
1524,Meera,Das,P048,Toys,2,8237.06,Cash on Delivery,Pune,meera.das1524@example.com
1525,Amit,Khan,P135,Books,4,19610.04,Credit Card,Bengaluru,amit.khan1525@example.com
1526,Nikhil,Sharma,P174,Grocery,4,16832.0,Credit Card,Ahmedabad,nikhil.sharma1526@example.com
1527,Priya,Das,P183,Grocery,6,7817.28,Debit Card,Mumbai,priya.das1527@example.com
1528,Amit,Gupta,P020,Books,10,28774.6,Credit Card,Bengaluru,amit.gupta1528@example.com
1529,Kavya,Singh,P139,Toys,9,29393.01,Wallet,Hyderabad,kavya.singh1529@example.com
1530,Rohan,Joshi,P155,Grocery,8,24498.8,Net Banking,Chennai,rohan.joshi1530@example.com
1531,Nikhil,Sharma,P135,Books,9,44122.59,Cash on Delivery,Kolkata,nikhil.sharma1531@example.com
1532,Vikram,Reddy,P024,Grocery,7,17550.75,Net Banking,Chennai,vikram.reddy1532@example.com
1533,Nikhil,Sharma,P102,Grocery,1,1810.7,Wallet,Bengaluru,nikhil.sharma1533@example.com
1534,Divya,Sharma,P063,Grocery,10,4607.7,Cash on Delivery,Bengaluru,divya.sharma1534@example.com
1535,Kavya,Joshi,P045,Toys,5,1858.75,Credit Card,Hyderabad,kavya.joshi1535@example.com
1536,Kavya,Das,P024,Grocery,2,5014.5,Credit Card,Ahmedabad,kavya.das1536@example.com
1537,Karan,Verma,P008,Grocery,1,499.03,Wallet,Pune,karan.verma1537@example.com
1538,Vikram,Sharma,P199,Grocery,6,29159.34,Credit Card,Hyderabad,vikram.sharma1538@example.com
1539,Pooja,Patel,P134,Grocery,7,21541.03,Cash on Delivery,Pune,pooja.patel1539@example.com
1540,Anita,Rao,P056,Home,5,2244.4,Wallet,Ahmedabad,anita.rao1540@example.com
1541,Sneha,Iyer,P108,Grocery,8,8316.72,Credit Card,Chennai,sneha.iyer1541@example.com
1542,Kavya,Khan,P045,Toys,8,2974.0,Net Banking,Ahmedabad,kavya.khan1542@example.com
1543,Amit,Das,P127,Apparel,4,1917.64,UPI,Bengaluru,amit.das1543@example.com
1544,Arjun,Singh,P011,Grocery,7,22201.2,Net Banking,Delhi,arjun.singh1544@example.com
1545,Pooja,Khan,P135,Books,6,29415.06,Debit Card,Pune,pooja.khan1545@example.com
1546,Arjun,Gupta,P051,Home,8,14476.4,Cash on Delivery,Pune,arjun.gupta1546@example.com
1547,Karan,Patel,P178,Home,1,411.95,Cash on Delivery,Ahmedabad,karan.patel1547@example.com
1548,Rahul,Patel,P171,Home,1,2563.37,Net Banking,Delhi,rahul.patel1548@example.com
1549,Priya,Das,P112,Grocery,6,20867.88,UPI,Bengaluru,priya.das1549@example.com
1550,Divya,Verma,P152,Books,4,2789.12,UPI,Hyderabad,divya.verma1550@example.com
1551,Sneha,Nair,P140,Books,10,37600.1,Net Banking,Pune,sneha.nair1551@example.com
1552,Pooja,Khan,P003,Electronics,6,24691.86,Net Banking,Pune,pooja.khan1552@example.com
1553,Anita,Iyer,P050,Toys,6,10606.08,UPI,Ahmedabad,anita.iyer1553@example.com
1554,Sneha,Gupta,P093,Toys,8,10884.4,Debit Card,Hyderabad,sneha.gupta1554@example.com
1555,Sneha,Nair,P175,Grocery,8,16898.8,Wallet,Kolkata,sneha.nair1555@example.com
1556,Rahul,Reddy,P143,Grocery,8,1508.56,Wallet,Pune,rahul.reddy1556@example.com
1557,Anita,Das,P133,Home,10,40421.8,Credit Card,Kolkata,anita.das1557@example.com
1558,Lakshmi,Rao,P050,Toys,5,8838.4,Debit Card,Delhi,lakshmi.rao1558@example.com
1559,Arjun,Das,P069,Books,6,17120.34,UPI,Hyderabad,arjun.das1559@example.com
1560,Meera,Verma,P061,Apparel,2,6858.96,UPI,Mumbai,meera.verma1560@example.com
1561,Divya,Sharma,P051,Home,10,18095.5,Net Banking,Kolkata,divya.sharma1561@example.com
1562,Sneha,Nair,P056,Home,3,1346.64,Debit Card,Kolkata,sneha.nair1562@example.com
1563,Vikram,Reddy,P189,Grocery,10,35463.0,UPI,Delhi,vikram.reddy1563@example.com
1564,Amit,Patel,P017,Grocery,8,21811.2,Net Banking,Bengaluru,amit.patel1564@example.com
1565,Karan,Singh,P179,Toys,5,7743.8,Wallet,Ahmedabad,karan.singh1565@example.com
1566,Karan,Khan,P153,Grocery,9,23772.24,Credit Card,Pune,karan.khan1566@example.com
1567,Priya,Nair,P172,Grocery,1,3511.13,Credit Card,Delhi,priya.nair1567@example.com
1568,Pooja,Sharma,P159,Apparel,3,10282.62,Credit Card,Chennai,pooja.sharma1568@example.com
1569,Lakshmi,Rao,P050,Toys,10,17676.8,UPI,Mumbai,lakshmi.rao1569@example.com
1570,Rahul,Khan,P071,Books,6,28521.66,Wallet,Hyderabad,rahul.khan1570@example.com
1571,Divya,Joshi,P170,Books,9,24207.84,Credit Card,Pune,divya.joshi1571@example.com
1572,Rahul,Das,P057,Home,3,6114.42,Wallet,Chennai,rahul.das1572@example.com
1573,Sneha,Sharma,P116,Electronics,8,9383.12,Cash on Delivery,Mumbai,sneha.sharma1573@example.com
1574,Rohan,Rao,P068,Home,8,21569.84,UPI,Kolkata,rohan.rao1574@example.com
1575,Pooja,Iyer,P066,Books,8,7620.8,UPI,Pune,pooja.iyer1575@example.com
1576,Nikhil,Singh,P200,Electronics,1,466.1,Wallet,Bengaluru,nikhil.singh1576@example.com
1577,Anita,Verma,P052,Books,1,629.62,UPI,Delhi,anita.verma1577@example.com
1578,Rahul,Joshi,P085,Grocery,8,24717.12,Wallet,Pune,rahul.joshi1578@example.com
1579,Lakshmi,Patel,P167,Books,3,14604.39,Net Banking,Chennai,lakshmi.patel1579@example.com
1580,Vikram,Khan,P167,Books,7,34076.91,Cash on Delivery,Chennai,vikram.khan1580@example.com
1581,Rahul,Gupta,P027,Home,1,1839.83,Net Banking,Hyderabad,rahul.gupta1581@example.com
1582,Amit,Iyer,P037,Home,3,6412.23,Cash on Delivery,Chennai,amit.iyer1582@example.com
1583,Divya,Khan,P134,Grocery,3,9231.87,Net Banking,Hyderabad,divya.khan1583@example.com
1584,Lakshmi,Das,P125,Home,1,4450.6,Credit Card,Kolkata,lakshmi.das1584@example.com
1585,Arjun,Khan,P168,Books,9,23266.8,Debit Card,Delhi,arjun.khan1585@example.com
1586,Sneha,Patel,P175,Grocery,7,14786.45,Credit Card,Pune,sneha.patel1586@example.com
1587,Nikhil,Sharma,P069,Books,7,19973.73,Cash on Delivery,Bengaluru,nikhil.sharma1587@example.com
1588,Arjun,Khan,P163,Apparel,1,258.88,Wallet,Hyderabad,arjun.khan1588@example.com
1589,Arjun,Gupta,P184,Grocery,6,29036.1,UPI,Hyderabad,arjun.gupta1589@example.com
1590,Lakshmi,Gupta,P095,Electronics,3,3197.43,UPI,Chennai,lakshmi.gupta1590@example.com
1591,Lakshmi,Patel,P101,Apparel,7,18312.42,UPI,Bengaluru,lakshmi.patel1591@example.com
1592,Vikram,Gupta,P129,Home,2,7459.2,Credit Card,Chennai,vikram.gupta1592@example.com
1593,Rahul,Singh,P099,Apparel,10,48935.8,Debit Card,Ahmedabad,rahul.singh1593@example.com
1594,Rahul,Iyer,P082,Books,1,798.76,Wallet,Pune,rahul.iyer1594@example.com
1595,Anita,Iyer,P167,Books,3,14604.39,Net Banking,Delhi,anita.iyer1595@example.com
1596,Arjun,Joshi,P070,Grocery,10,34679.4,UPI,Delhi,arjun.joshi1596@example.com
1597,Rahul,Gupta,P193,Apparel,5,732.2,Wallet,Ahmedabad,rahul.gupta1597@example.com
1598,Nikhil,Rao,P138,Grocery,5,779.55,Wallet,Hyderabad,nikhil.rao1598@example.com
1599,Amit,Nair,P059,Home,8,34613.76,Debit Card,Ahmedabad,amit.nair1599@example.com
1600,Lakshmi,Rao,P151,Books,8,17056.88,Credit Card,Bengaluru,lakshmi.rao1600@example.com
1601,Arjun,Sharma,P119,Books,4,16840.64,UPI,Chennai,arjun.sharma1601@example.com
1602,Meera,Nair,P101,Apparel,10,26160.6,UPI,Mumbai,meera.nair1602@example.com
1603,Kavya,Das,P148,Electronics,1,4554.58,Debit Card,Kolkata,kavya.das1603@example.com
1604,Divya,Gupta,P034,Electronics,6,3806.58,Debit Card,Ahmedabad,divya.gupta1604@example.com
1605,Rahul,Verma,P073,Electronics,10,23103.9,Credit Card,Hyderabad,rahul.verma1605@example.com
1606,Meera,Nair,P029,Toys,7,27371.12,Debit Card,Delhi,meera.nair1606@example.com
1607,Kavya,Nair,P111,Apparel,4,9550.36,Wallet,Mumbai,kavya.nair1607@example.com
1608,Lakshmi,Das,P108,Grocery,3,3118.77,Debit Card,Hyderabad,lakshmi.das1608@example.com
1609,Anita,Patel,P073,Electronics,3,6931.17,Wallet,Hyderabad,anita.patel1609@example.com
1610,Meera,Sharma,P196,Apparel,2,5222.6,Credit Card,Chennai,meera.sharma1610@example.com
1611,Amit,Singh,P083,Electronics,6,28483.8,Wallet,Mumbai,amit.singh1611@example.com
1612,Meera,Rao,P180,Electronics,10,44902.8,Cash on Delivery,Pune,meera.rao1612@example.com
1613,Kavya,Iyer,P057,Home,7,14266.98,Debit Card,Kolkata,kavya.iyer1613@example.com
1614,Lakshmi,Singh,P152,Books,8,5578.24,Wallet,Delhi,lakshmi.singh1614@example.com
1615,Sneha,Gupta,P121,Apparel,4,16032.96,UPI,Kolkata,sneha.gupta1615@example.com
1616,Kavya,Joshi,P185,Grocery,6,22476.48,Debit Card,Kolkata,kavya.joshi1616@example.com
1617,Arjun,Khan,P047,Toys,1,2910.83,UPI,Pune,arjun.khan1617@example.com
1618,Vikram,Sharma,P199,Grocery,1,4859.89,UPI,Ahmedabad,vikram.sharma1618@example.com
1619,Kavya,Sharma,P075,Home,1,2020.44,Wallet,Pune,kavya.sharma1619@example.com
1620,Vikram,Das,P125,Home,2,8901.2,Wallet,Ahmedabad,vikram.das1620@example.com
1621,Anita,Gupta,P194,Books,9,20883.78,Net Banking,Pune,anita.gupta1621@example.com
1622,Lakshmi,Verma,P122,Electronics,10,41815.1,Wallet,Ahmedabad,lakshmi.verma1622@example.com
1623,Karan,Gupta,P086,Grocery,10,31903.3,Wallet,Kolkata,karan.gupta1623@example.com
1624,Nikhil,Rao,P002,Home,2,6544.26,Net Banking,Hyderabad,nikhil.rao1624@example.com
1625,Meera,Khan,P194,Books,9,20883.78,Credit Card,Bengaluru,meera.khan1625@example.com
1626,Priya,Nair,P093,Toys,7,9523.85,Net Banking,Mumbai,priya.nair1626@example.com
1627,Vikram,Joshi,P050,Toys,9,15909.12,Debit Card,Ahmedabad,vikram.joshi1627@example.com
1628,Kavya,Nair,P119,Books,9,37891.44,Net Banking,Kolkata,kavya.nair1628@example.com
1629,Anita,Iyer,P125,Home,4,17802.4,Credit Card,Kolkata,anita.iyer1629@example.com
1630,Arjun,Singh,P158,Electronics,10,28045.5,Cash on Delivery,Bengaluru,arjun.singh1630@example.com
1631,Sneha,Singh,P095,Electronics,8,8526.48,Debit Card,Hyderabad,sneha.singh1631@example.com
1632,Rahul,Verma,P080,Electronics,1,1733.27,Debit Card,Kolkata,rahul.verma1632@example.com
1633,Nikhil,Nair,P125,Home,7,31154.2,Wallet,Bengaluru,nikhil.nair1633@example.com
1634,Meera,Rao,P093,Toys,7,9523.85,UPI,Delhi,meera.rao1634@example.com
1635,Priya,Patel,P106,Grocery,4,16160.36,Credit Card,Chennai,priya.patel1635@example.com
1636,Nikhil,Nair,P196,Apparel,3,7833.9,Debit Card,Chennai,nikhil.nair1636@example.com
1637,Suresh,Joshi,P032,Apparel,9,32946.75,Wallet,Delhi,suresh.joshi1637@example.com
1638,Rohan,Patel,P001,Apparel,6,28451.58,Credit Card,Hyderabad,rohan.patel1638@example.com
1639,Kavya,Joshi,P084,Books,5,881.15,Debit Card,Kolkata,kavya.joshi1639@example.com
1640,Rahul,Khan,P051,Home,1,1809.55,Wallet,Kolkata,rahul.khan1640@example.com
1641,Pooja,Sharma,P176,Home,9,20146.32,Cash on Delivery,Kolkata,pooja.sharma1641@example.com
1642,Pooja,Rao,P158,Electronics,10,28045.5,Debit Card,Kolkata,pooja.rao1642@example.com
1643,Amit,Das,P153,Grocery,3,7924.08,Debit Card,Kolkata,amit.das1643@example.com
1644,Lakshmi,Iyer,P147,Home,3,12537.81,UPI,Bengaluru,lakshmi.iyer1644@example.com
1645,Priya,Reddy,P065,Grocery,2,219.42,UPI,Chennai,priya.reddy1645@example.com
1646,Anita,Nair,P082,Books,9,7188.84,UPI,Mumbai,anita.nair1646@example.com
1647,Arjun,Rao,P096,Books,2,3681.34,Wallet,Delhi,arjun.rao1647@example.com
1648,Pooja,Das,P075,Home,1,2020.44,Net Banking,Mumbai,pooja.das1648@example.com
1649,Arjun,Verma,P035,Home,1,866.56,UPI,Mumbai,arjun.verma1649@example.com
1650,Sneha,Patel,P071,Books,3,14260.83,Net Banking,Kolkata,sneha.patel1650@example.com
1651,Rahul,Rao,P183,Grocery,1,1302.88,Credit Card,Ahmedabad,rahul.rao1651@example.com
1652,Lakshmi,Gupta,P150,Toys,6,17625.48,UPI,Kolkata,lakshmi.gupta1652@example.com
1653,Kavya,Rao,P145,Grocery,9,34471.89,UPI,Kolkata,kavya.rao1653@example.com
1654,Rahul,Rao,P103,Grocery,4,10745.32,Wallet,Bengaluru,rahul.rao1654@example.com
1655,Divya,Singh,P167,Books,8,38945.04,Credit Card,Bengaluru,divya.singh1655@example.com
1656,Lakshmi,Verma,P030,Electronics,10,28934.0,Debit Card,Bengaluru,lakshmi.verma1656@example.com
1657,Lakshmi,Iyer,P166,Electronics,4,8976.32,Cash on Delivery,Chennai,lakshmi.iyer1657@example.com
1658,Nikhil,Nair,P085,Grocery,5,15448.2,Wallet,Bengaluru,nikhil.nair1658@example.com
1659,Lakshmi,Reddy,P187,Home,8,6846.72,Net Banking,Bengaluru,lakshmi.reddy1659@example.com
1660,Lakshmi,Das,P196,Apparel,5,13056.5,Credit Card,Bengaluru,lakshmi.das1660@example.com
1661,Nikhil,Joshi,P177,Electronics,9,30349.98,Net Banking,Chennai,nikhil.joshi1661@example.com
1662,Meera,Das,P127,Apparel,5,2397.05,Wallet,Hyderabad,meera.das1662@example.com
1663,Lakshmi,Rao,P185,Grocery,4,14984.32,Credit Card,Mumbai,lakshmi.rao1663@example.com
1664,Sneha,Verma,P031,Books,10,25008.3,Net Banking,Ahmedabad,sneha.verma1664@example.com
1665,Arjun,Iyer,P106,Grocery,2,8080.18,Cash on Delivery,Mumbai,arjun.iyer1665@example.com
1666,Rohan,Nair,P116,Electronics,2,2345.78,Cash on Delivery,Hyderabad,rohan.nair1666@example.com
1667,Amit,Iyer,P140,Books,10,37600.1,Debit Card,Ahmedabad,amit.iyer1667@example.com
1668,Sneha,Khan,P041,Apparel,2,5984.26,Cash on Delivery,Mumbai,sneha.khan1668@example.com
1669,Priya,Reddy,P190,Books,4,8195.44,UPI,Delhi,priya.reddy1669@example.com
1670,Divya,Sharma,P176,Home,7,15669.36,Credit Card,Delhi,divya.sharma1670@example.com
1671,Arjun,Nair,P045,Toys,9,3345.75,UPI,Ahmedabad,arjun.nair1671@example.com
1672,Rohan,Rao,P130,Electronics,1,3637.75,Credit Card,Hyderabad,rohan.rao1672@example.com
1673,Nikhil,Patel,P002,Home,3,9816.39,Net Banking,Delhi,nikhil.patel1673@example.com
1674,Arjun,Das,P030,Electronics,9,26040.6,Credit Card,Mumbai,arjun.das1674@example.com
1675,Vikram,Das,P036,Apparel,8,6418.56,Wallet,Mumbai,vikram.das1675@example.com
1676,Priya,Khan,P085,Grocery,7,21627.48,Net Banking,Delhi,priya.khan1676@example.com
1677,Rohan,Reddy,P098,Electronics,1,3802.81,Credit Card,Chennai,rohan.reddy1677@example.com
1678,Vikram,Patel,P053,Electronics,9,10171.17,UPI,Bengaluru,vikram.patel1678@example.com
1679,Rahul,Gupta,P091,Apparel,4,1900.52,Cash on Delivery,Mumbai,rahul.gupta1679@example.com
1680,Meera,Singh,P191,Home,6,6113.64,Debit Card,Kolkata,meera.singh1680@example.com
1681,Priya,Verma,P129,Home,5,18648.0,UPI,Mumbai,priya.verma1681@example.com
1682,Priya,Singh,P176,Home,3,6715.44,UPI,Kolkata,priya.singh1682@example.com
1683,Meera,Reddy,P031,Books,6,15004.98,Net Banking,Mumbai,meera.reddy1683@example.com
1684,Amit,Joshi,P187,Home,8,6846.72,Net Banking,Delhi,amit.joshi1684@example.com
1685,Nikhil,Reddy,P050,Toys,2,3535.36,UPI,Mumbai,nikhil.reddy1685@example.com
1686,Pooja,Iyer,P081,Electronics,7,3897.46,Wallet,Kolkata,pooja.iyer1686@example.com
1687,Pooja,Das,P006,Grocery,3,706.8,Cash on Delivery,Pune,pooja.das1687@example.com
1688,Priya,Sharma,P155,Grocery,6,18374.1,Wallet,Chennai,priya.sharma1688@example.com
1689,Vikram,Verma,P176,Home,1,2238.48,UPI,Delhi,vikram.verma1689@example.com
1690,Arjun,Patel,P136,Toys,2,9380.92,Wallet,Mumbai,arjun.patel1690@example.com
1691,Rohan,Gupta,P079,Grocery,10,22311.0,Net Banking,Ahmedabad,rohan.gupta1691@example.com
1692,Lakshmi,Das,P014,Electronics,5,24412.3,UPI,Bengaluru,lakshmi.das1692@example.com
1693,Priya,Iyer,P192,Apparel,9,4557.24,Credit Card,Kolkata,priya.iyer1693@example.com
1694,Kavya,Patel,P030,Electronics,3,8680.2,Net Banking,Hyderabad,kavya.patel1694@example.com
1695,Suresh,Khan,P103,Grocery,2,5372.66,Cash on Delivery,Mumbai,suresh.khan1695@example.com
1696,Rahul,Das,P175,Grocery,10,21123.5,Credit Card,Mumbai,rahul.das1696@example.com
1697,Karan,Nair,P184,Grocery,6,29036.1,Wallet,Mumbai,karan.nair1697@example.com
1698,Meera,Nair,P043,Electronics,3,12623.52,Wallet,Kolkata,meera.nair1698@example.com
1699,Kavya,Gupta,P179,Toys,2,3097.52,Wallet,Delhi,kavya.gupta1699@example.com
1700,Anita,Verma,P094,Toys,2,1698.24,Net Banking,Delhi,anita.verma1700@example.com
1701,Sneha,Rao,P141,Grocery,8,17578.88,Wallet,Hyderabad,sneha.rao1701@example.com
1702,Sneha,Patel,P055,Grocery,7,14137.13,Wallet,Bengaluru,sneha.patel1702@example.com
1703,Nikhil,Das,P051,Home,9,16285.95,Debit Card,Ahmedabad,nikhil.das1703@example.com
1704,Divya,Rao,P102,Grocery,10,18107.0,Net Banking,Hyderabad,divya.rao1704@example.com
1705,Pooja,Sharma,P151,Books,8,17056.88,Credit Card,Ahmedabad,pooja.sharma1705@example.com
1706,Nikhil,Nair,P183,Grocery,5,6514.4,Net Banking,Hyderabad,nikhil.nair1706@example.com
1707,Nikhil,Rao,P109,Home,2,3620.06,Debit Card,Pune,nikhil.rao1707@example.com
1708,Rohan,Rao,P037,Home,2,4274.82,UPI,Bengaluru,rohan.rao1708@example.com
1709,Priya,Das,P083,Electronics,10,47473.0,Debit Card,Ahmedabad,priya.das1709@example.com
1710,Priya,Das,P034,Electronics,7,4441.01,Credit Card,Chennai,priya.das1710@example.com
1711,Meera,Reddy,P105,Grocery,3,9256.44,Credit Card,Pune,meera.reddy1711@example.com
1712,Pooja,Joshi,P019,Toys,6,5667.6,UPI,Pune,pooja.joshi1712@example.com
1713,Anita,Nair,P178,Home,2,823.9,UPI,Delhi,anita.nair1713@example.com
1714,Amit,Rao,P038,Toys,6,2605.32,Wallet,Ahmedabad,amit.rao1714@example.com
1715,Sneha,Das,P032,Apparel,9,32946.75,Net Banking,Pune,sneha.das1715@example.com
1716,Suresh,Gupta,P108,Grocery,10,10395.9,Debit Card,Delhi,suresh.gupta1716@example.com
1717,Priya,Iyer,P191,Home,10,10189.4,Wallet,Delhi,priya.iyer1717@example.com
1718,Rahul,Joshi,P069,Books,6,17120.34,Wallet,Pune,rahul.joshi1718@example.com
1719,Arjun,Das,P067,Apparel,8,562.08,UPI,Kolkata,arjun.das1719@example.com
1720,Karan,Gupta,P034,Electronics,3,1903.29,Cash on Delivery,Delhi,karan.gupta1720@example.com
1721,Meera,Sharma,P044,Apparel,3,7190.37,Credit Card,Ahmedabad,meera.sharma1721@example.com
1722,Rahul,Nair,P102,Grocery,9,16296.3,UPI,Hyderabad,rahul.nair1722@example.com
1723,Kavya,Patel,P199,Grocery,3,14579.67,Credit Card,Delhi,kavya.patel1723@example.com
1724,Lakshmi,Reddy,P097,Toys,6,16432.2,Cash on Delivery,Bengaluru,lakshmi.reddy1724@example.com
1725,Lakshmi,Gupta,P103,Grocery,6,16117.98,UPI,Pune,lakshmi.gupta1725@example.com
1726,Meera,Reddy,P135,Books,9,44122.59,UPI,Mumbai,meera.reddy1726@example.com
1727,Pooja,Verma,P152,Books,1,697.28,Net Banking,Kolkata,pooja.verma1727@example.com
1728,Suresh,Reddy,P184,Grocery,8,38714.8,Wallet,Mumbai,suresh.reddy1728@example.com
1729,Meera,Iyer,P005,Electronics,6,27318.24,Debit Card,Mumbai,meera.iyer1729@example.com
1730,Divya,Sharma,P104,Books,2,3363.68,Debit Card,Kolkata,divya.sharma1730@example.com
1731,Priya,Patel,P056,Home,10,4488.8,Credit Card,Chennai,priya.patel1731@example.com
1732,Suresh,Gupta,P055,Grocery,5,10097.95,Debit Card,Kolkata,suresh.gupta1732@example.com
1733,Meera,Verma,P151,Books,3,6396.33,UPI,Ahmedabad,meera.verma1733@example.com
1734,Pooja,Singh,P129,Home,4,14918.4,Wallet,Delhi,pooja.singh1734@example.com
1735,Kavya,Das,P015,Electronics,3,8416.47,Credit Card,Bengaluru,kavya.das1735@example.com
1736,Priya,Rao,P100,Electronics,8,27969.36,Credit Card,Delhi,priya.rao1736@example.com
1737,Rahul,Singh,P181,Grocery,3,14101.65,Debit Card,Mumbai,rahul.singh1737@example.com
1738,Karan,Gupta,P142,Grocery,9,37255.23,Wallet,Bengaluru,karan.gupta1738@example.com
1739,Priya,Rao,P191,Home,6,6113.64,Debit Card,Mumbai,priya.rao1739@example.com
1740,Nikhil,Nair,P154,Electronics,6,26222.34,UPI,Bengaluru,nikhil.nair1740@example.com
1741,Nikhil,Rao,P078,Grocery,3,1150.11,Wallet,Ahmedabad,nikhil.rao1741@example.com
1742,Sneha,Verma,P130,Electronics,8,29102.0,Wallet,Pune,sneha.verma1742@example.com
1743,Meera,Nair,P122,Electronics,2,8363.02,Debit Card,Kolkata,meera.nair1743@example.com
1744,Nikhil,Joshi,P069,Books,9,25680.51,Net Banking,Kolkata,nikhil.joshi1744@example.com
1745,Arjun,Patel,P106,Grocery,2,8080.18,UPI,Ahmedabad,arjun.patel1745@example.com
1746,Suresh,Sharma,P126,Home,8,31649.76,Debit Card,Hyderabad,suresh.sharma1746@example.com
1747,Suresh,Singh,P192,Apparel,7,3544.52,Cash on Delivery,Hyderabad,suresh.singh1747@example.com
1748,Suresh,Sharma,P079,Grocery,7,15617.7,Credit Card,Delhi,suresh.sharma1748@example.com
1749,Rohan,Khan,P039,Books,2,5772.96,Net Banking,Ahmedabad,rohan.khan1749@example.com
1750,Anita,Nair,P075,Home,8,16163.52,Wallet,Mumbai,anita.nair1750@example.com
1751,Sneha,Iyer,P004,Electronics,7,13021.12,Credit Card,Chennai,sneha.iyer1751@example.com
1752,Lakshmi,Rao,P001,Apparel,6,28451.58,Credit Card,Mumbai,lakshmi.rao1752@example.com
1753,Rohan,Khan,P147,Home,2,8358.54,UPI,Mumbai,rohan.khan1753@example.com
1754,Sneha,Nair,P114,Toys,7,34585.53,UPI,Mumbai,sneha.nair1754@example.com
1755,Divya,Singh,P054,Apparel,6,4141.38,Net Banking,Kolkata,divya.singh1755@example.com
1756,Priya,Verma,P188,Toys,2,8341.2,Debit Card,Mumbai,priya.verma1756@example.com
1757,Arjun,Singh,P054,Apparel,7,4831.61,Credit Card,Pune,arjun.singh1757@example.com
1758,Pooja,Gupta,P089,Home,9,44692.74,UPI,Pune,pooja.gupta1758@example.com
1759,Suresh,Rao,P061,Apparel,10,34294.8,Debit Card,Ahmedabad,suresh.rao1759@example.com
1760,Kavya,Verma,P129,Home,6,22377.6,Wallet,Delhi,kavya.verma1760@example.com
1761,Suresh,Singh,P110,Electronics,9,44536.86,UPI,Delhi,suresh.singh1761@example.com
1762,Arjun,Iyer,P146,Apparel,7,9337.02,Cash on Delivery,Mumbai,arjun.iyer1762@example.com
1763,Divya,Das,P178,Home,4,1647.8,Net Banking,Delhi,divya.das1763@example.com
1764,Priya,Singh,P036,Apparel,2,1604.64,Net Banking,Bengaluru,priya.singh1764@example.com
1765,Kavya,Khan,P135,Books,6,29415.06,Wallet,Mumbai,kavya.khan1765@example.com
1766,Nikhil,Rao,P199,Grocery,1,4859.89,Credit Card,Kolkata,nikhil.rao1766@example.com
1767,Meera,Sharma,P172,Grocery,7,24577.91,UPI,Bengaluru,meera.sharma1767@example.com
1768,Suresh,Gupta,P089,Home,10,49658.6,Debit Card,Hyderabad,suresh.gupta1768@example.com
1769,Rohan,Gupta,P122,Electronics,7,29270.57,Cash on Delivery,Pune,rohan.gupta1769@example.com
1770,Nikhil,Gupta,P076,Home,10,5625.1,Credit Card,Mumbai,nikhil.gupta1770@example.com
1771,Suresh,Nair,P033,Apparel,1,3064.35,Net Banking,Ahmedabad,suresh.nair1771@example.com
1772,Sneha,Joshi,P075,Home,1,2020.44,Credit Card,Ahmedabad,sneha.joshi1772@example.com
1773,Lakshmi,Rao,P194,Books,1,2320.42,Wallet,Ahmedabad,lakshmi.rao1773@example.com
1774,Divya,Joshi,P016,Grocery,10,14835.7,Wallet,Chennai,divya.joshi1774@example.com
1775,Pooja,Reddy,P164,Electronics,4,10252.72,UPI,Mumbai,pooja.reddy1775@example.com
1776,Divya,Iyer,P112,Grocery,5,17389.9,Credit Card,Chennai,divya.iyer1776@example.com
1777,Anita,Sharma,P071,Books,8,38028.88,Wallet,Hyderabad,anita.sharma1777@example.com
1778,Pooja,Reddy,P119,Books,10,42101.6,Credit Card,Mumbai,pooja.reddy1778@example.com
1779,Lakshmi,Nair,P091,Apparel,6,2850.78,Cash on Delivery,Delhi,lakshmi.nair1779@example.com
1780,Suresh,Verma,P173,Apparel,2,9235.56,Credit Card,Hyderabad,suresh.verma1780@example.com
1781,Pooja,Nair,P046,Toys,7,24656.73,Debit Card,Ahmedabad,pooja.nair1781@example.com
1782,Pooja,Rao,P175,Grocery,9,19011.15,Debit Card,Hyderabad,pooja.rao1782@example.com
1783,Anita,Das,P181,Grocery,3,14101.65,Credit Card,Chennai,anita.das1783@example.com
1784,Priya,Joshi,P186,Electronics,2,4042.74,UPI,Delhi,priya.joshi1784@example.com
1785,Nikhil,Patel,P185,Grocery,9,33714.72,Wallet,Mumbai,nikhil.patel1785@example.com
1786,Pooja,Nair,P179,Toys,4,6195.04,Credit Card,Ahmedabad,pooja.nair1786@example.com
1787,Kavya,Rao,P028,Grocery,3,11946.54,Wallet,Bengaluru,kavya.rao1787@example.com
1788,Sneha,Das,P038,Toys,5,2171.1,Net Banking,Bengaluru,sneha.das1788@example.com
1789,Sneha,Iyer,P049,Apparel,8,28778.48,Wallet,Mumbai,sneha.iyer1789@example.com
1790,Priya,Reddy,P035,Home,4,3466.24,Cash on Delivery,Mumbai,priya.reddy1790@example.com
1791,Pooja,Sharma,P036,Apparel,5,4011.6,Net Banking,Bengaluru,pooja.sharma1791@example.com
1792,Priya,Nair,P075,Home,10,20204.4,Wallet,Mumbai,priya.nair1792@example.com
1793,Nikhil,Sharma,P117,Grocery,6,10330.8,Debit Card,Chennai,nikhil.sharma1793@example.com
1794,Vikram,Verma,P140,Books,7,26320.07,Net Banking,Delhi,vikram.verma1794@example.com
1795,Meera,Singh,P126,Home,7,27693.54,Net Banking,Bengaluru,meera.singh1795@example.com
1796,Pooja,Verma,P054,Apparel,5,3451.15,Debit Card,Chennai,pooja.verma1796@example.com
1797,Pooja,Rao,P186,Electronics,5,10106.85,Net Banking,Bengaluru,pooja.rao1797@example.com
1798,Meera,Patel,P083,Electronics,6,28483.8,Net Banking,Hyderabad,meera.patel1798@example.com
1799,Divya,Verma,P171,Home,8,20506.96,UPI,Kolkata,divya.verma1799@example.com
1800,Nikhil,Gupta,P062,Home,2,9581.54,UPI,Pune,nikhil.gupta1800@example.com
